person_id,full_name,twitter_link,mastodon_link,facebook_link,website_link,person_name_id
10001,Layla Bonnot,https://twitter.com/LaylaBonnot,,,https://www.votelayla.com/meet-layla,person_LaylaBonnot
10002,Teresa A. Edmondson,,,https://www.facebook.com/Teresa4dc/,http://teresaedmondsonanc.com/,person_TeresaAEdmondson
10003,Zach Rybarczyk,https://twitter.com/ANCzach,,,,person_ZachRybarczyk
10004,Matthew Goldschmidt,,,,,person_MatthewGoldschmidt
10005,Christine Miller,https://twitter.com/MillerANC1A05,,,https://christinemillerdc.com/,person_ChristineMiller
10006,Angelica Castañon,https://twitter.com/angelicachanel,,https://www.facebook.com/AngelicaANC1a6/,https://www.angelicaanc1a6.com/,person_AngelicaCastañon
10007,Jen Bundy,,,,,person_JenBundy
10008,Kent C. Boese,https://twitter.com/kentboesedc,,,,person_KentCBoese
10009,Michael Wray,https://twitter.com/mwraydc,,,,person_MichaelWray
10010,Rashida Brown,https://twitter.com/rashidabrowndc,,https://www.facebook.com/RashidaBrownForANC1A10/,,person_RashidaBrown
10011,Dotti Love Wade,,,,,person_DottiLoveWade
10012,Jason Clock,https://twitter.com/jasonclock,,,,person_JasonClock
10013,Anita Norman,https://twitter.com/anc1b01,,,,person_AnitaNorman
10014,Dan Orlaskey,https://twitter.com/danielorlaskey,,,https://www.facebook.com/dan4anc/,person_DanOrlaskey
10015,Sedrick Muhammad,,,,,person_SedrickMuhammad
10016,Deborah Thomas,,,,,person_DeborahThomas
10017,Jennifer Bristol,https://twitter.com/jenbristol_,,,https://www.jenbristoldc.com/,person_JenniferBristol
10018,Marcia Shia,https://twitter.com/loridcward1,,,,person_MarciaShia
10019,Joshua Ryan Mater,https://twitter.com/ANC1B08,,,,person_JoshuaRyanMater
10020,James A. Turner,,,,,person_JamesATurner
10021,Danny Delaney,https://twitter.com/_dannydelaney,,,,person_DannyDelaney
10022,Robb Hudson,https://twitter.com/robbhudson,,https://www.facebook.com/robbfordc/,,person_RobbHudson
10023,Dan Winston,https://twitter.com/dan4dc,,,,person_DanWinston
10024,Amir Irani,https://twitter.com/iraniamir,,,,person_AmirIrani
10025,Ted Guthrie,,,,,person_TedGuthrie
10026,John V. Zottoli,https://twitter.com/JohnZottoli,,,,person_JohnVZottoli
10027,Damiana Dendy,https://twitter.com/laborisforever,,,,person_DamianaDendy
10028,Michaela Wright,https://twitter.com/MichaelaWright_,,,,person_MichaelaWright
10029,Japer Bowles,https://twitter.com/JaperBowles,,,,person_JaperBowles
10030,Chris Jackson,,,,,person_ChrisJackson
10031,Jon Stewart,https://twitter.com/JonStewartANC1D,,,,person_JonStewart
10032,Robin Sandenburgh,,,,,person_RobinSandenburgh
10033,Jack McKay,https://twitter.com/dc_jack,,,http://dcjack.org/,person_JackMcKay
10034,Yasmin Romero-Latin,https://twitter.com/Yasminkiki,,,,person_YasminRomeroLatin
10035,Chelsea A. Allinger,https://twitter.com/ChelseaANC1D05,,https://www.facebook.com/ChelseaANC1D,,person_ChelseaAAllinger
10036,Patrick Kennedy,https://twitter.com/PLKDC,,,,person_PatrickKennedy
10037,Nicole Goldin,https://twitter.com/nicolegoldin,,,http://www.nicolegoldin.com/,person_NicoleGoldin
10038,"Trupti ""Trip"" J. Patel",https://twitter.com/TruptiANC2A03,,,https://truptijpatel.com/,person_TruptiTripJPatel
10039,William Kennedy Smith,,,,,person_WilliamKennedySmith
10040,Philip J. Schrefer,,,,,person_PhilipJSchrefer
10041,Jeri Epstein,,,,,person_JeriEpstein
10042,Detrick Campbell,https://twitter.com/CampbellDetrick,,,,person_DetrickCampbell
10043,James Harnett,https://twitter.com/ComnrHarnett,,,,person_JamesHarnett
10044,Matthew H. Sampson,https://twitter.com/riotpedestrian,,,https://matthewfor2b01.com/,person_MatthewHSampson
10045,Daniel Warwick,https://twitter.com/danielmwarwick,,,,person_DanielWarwick
10046,Aaron Landry,https://twitter.com/s4xton,,,,person_AaronLandry
10047,Randy D. Downs,https://twitter.com/RandyDaleDowns,,,,person_RandyDDowns
10048,Mike Silverstein,https://twitter.com/mikeindeecee1,,https://www.facebook.com/mike.silverstein.566,https://mike4dupont.com/,person_MikeSilverstein
10049,Kari Cunningham,https://twitter.com/KariLCunningha1,,,,person_KariCunningham
10050,Beverly Schwartz,https://twitter.com/beverlyschwartz,,,,person_BeverlySchwartz
10051,Ed Hanlon,,,,https://edforanc.wordpress.com/,person_EdHanlon
10052,Michael D. Shankle,https://twitter.com/MShankle,,,,person_MichaelDShankle
10053,Jamaal T. Burton,https://twitter.com/iJamaal,,,,person_JamaalTBurton
10054,Kevin Wilsey,,,,,person_KevinWilsey
10055,David R. Bender,,,,,person_DavidRBender
10056,Jeff Nestler,,,,,person_JeffNestler
10057,Kishan Putta,https://twitter.com/kishanfordc,,,,person_KishanPutta
10058,Joe Gibbons,,,,,person_JoeGibbons
10059,Rick Murphy,,,,,person_RickMurphy
10060,Anna Landre,https://twitter.com/annalandre,,,,person_AnnaLandre
10061,Lisa Palmer,,,https://www.facebook.com/LisaPalmerANC/,https://georgetownpalmer.wixsite.com/vote4lisa,person_LisaPalmer
10062,Gwendolyn Lohse,,,,,person_GwendolynLohse
10063,Elizabeth H. Miller,,,,,person_ElizabethHMiller
10064,Matias Burdman,https://twitter.com/MatBurdman,,,,person_MatiasBurdman
10065,Jason Forman,,,,,person_JasonForman
10066,John Guggenmos,https://twitter.com/ANC2F02,,https://www.facebook.com/ANC2F02,,person_JohnGuggenmos
10067,John Bottino,,,,,person_JohnBottino
10068,John Fanning,https://twitter.com/fanning_2,,,,person_JohnFanning
10069,Madeleine G. Stirling,https://twitter.com/madelbean,,,,person_MadeleineGStirling
10070,Ian D. Simon,,,https://www.facebook.com/IanSimonANC/,,person_IanDSimon
10071,Kevin J. Sylvester,,,,,person_KevinJSylvester
10072,Janice Ferebee,https://twitter.com/JFerebeeMSW,,,https://www.janiceferebee.com/,person_JaniceFerebee
10073,Ann Lane Mladinov,,,,,person_AnnLaneMladinov
10074,Jackie Blumenthal,,,,,person_JackieBlumenthal
10075,Melissa Lane,,,,,person_MelissaLane
10076,Mary C. Young,,,,,person_MaryCYoung
10077,Brian G. Turmail,,,,,person_BrianGTurmail
10078,Lee Brian Reba,,,,,person_LeeBrianReba
10079,Jason Fink,https://twitter.com/FINKJM,,,,person_JasonFink
10080,Jimmy Dubois,https://twitter.com/JimmyDinDC,,,,person_JimmyDubois
10081,Beau Finley,https://twitter.com/BeauFinleyANC3C,,https://www.facebook.com/BeauFinleyANC3C04/,,person_BeauFinley
10082,Angela Bradbery,https://twitter.com/activist_angela,,,,person_AngelaBradbery
10083,Maureen Kinlan Boucher,,,,,person_MaureenKinlanBoucher
10084,"Victoria ""Vicki"" Gersten",https://twitter.com/GerstenVicki,,,,person_VictoriaVickiGersten
10085,Nancy J. MacWood,,,,,person_NancyJMacWood
10086,Chuck Elkins,https://twitter.com/ChuckElkins,,,,person_ChuckElkins
10087,Troy Kravitz,,,,,person_TroyKravitz
10088,Paige Ela,,,,,person_PaigeEla
10089,Michael Sriqui,https://twitter.com/michael_sriqui,,,http://www.michaelsriqui.com/,person_MichaelSriqui
10090,Alan Karnofsky,https://twitter.com/alankarnofsky,,,,person_AlanKarnofsky
10091,Virginia Gorsevski,,,,,person_VirginiaGorsevski
10092,Taylor Berlin,https://twitter.com/taylorbberlin,,,,person_TaylorBerlin
10093,Christine Warnke,,,,,person_ChristineWarnke
10094,J.P. Szymkowicz,,,,,person_JPSzymkowicz
10095,Jeremy Del Moral,,,,,person_JeremyDelMoral
10096,Greg Ehrhardt,,,,,person_GregEhrhardt
10097,Amy B. Hall,https://twitter.com/Abdh372,,,,person_AmyBHall
10098,Jonathan Bender,https://twitter.com/oblivious_dude,,,,person_JonathanBender
10099,Tom Quinn,https://twitter.com/TomQ71,,,,person_TomQuinn
10100,Jonathan McHugh,,,,,person_JonathanMcHugh
10101,David Cristeal,,,,,person_DavidCristeal
10102,Carolinn A Kuebler,,,,,person_CarolinnAKuebler
10103,Naomi Rutenberg,,,,,person_NaomiRutenberg
10104,Leah Frelinghuysen,,,,,person_LeahFrelinghuysen
10105,Andrea Molod,,,,,person_AndreaMolod
10106,Monika Nemeth,https://twitter.com/TheMonikaNemeth,,https://www.facebook.com/MonikaNemethANC,,person_MonikaNemeth
10107,Abraham Clayman,https://twitter.com/AbrahamClayman,,,,person_AbrahamClayman
10108,Chanda Tuck Garfield,,,,,person_ChandaTuckGarfield
10109,Randy Speck,,,,,person_RandySpeck
10110,Rebecca Maydak,,,,,person_RebeccaMaydak
10111,Jerry Malitz,,,,,person_JerryMalitz
10112,Dan Bradfield,,,,,person_DanBradfield
10113,Chris Fromboluti,,,,,person_ChrisFromboluti
10114,Phyllis Caudle Green,,,,,person_PhyllisCaudleGreen
10115,Stacey Lincoln,https://twitter.com/ANC4A02,,https://www.facebook.com/ANC4A02.dc.gov/,,person_StaceyLincoln
10116,"Stephen A. ""Steve"" Whatley",,,,,person_StephenASteveWhatley
10117,Patience R. Singleton,https://twitter.com/Ladylaw1996,,,,person_PatienceRSingleton
10118,Candace Tiana Nelson,https://twitter.com/candacetiana,,,,person_CandaceTianaNelson
10119,Marlene Moss,,,,,person_MarleneMoss
10120,Gale B. Black,,,,,person_GaleBBlack
10121,Evan Yeats,https://twitter.com/Evan_Yeats,,,,person_EvanYeats
10122,Erin Palmer,https://twitter.com/ErinPalmerDC,,https://www.facebook.com/Erinfor4B02/,https://www.erinforanc.com/,person_ErinPalmer
10123,Scot Knickerbocker,https://twitter.com/ScotANC,,,,person_ScotKnickerbocker
10125,Perry Redd,https://twitter.com/perryanc4B05,,,,person_PerryRedd
10126,Tiffani Nichole Johnson,https://twitter.com/johnson4b06,,https://www.facebook.com/4B06CommissionerJohnson/,https://www.commissionerjohnson4b06.com/,person_TiffaniNicholeJohnson
10127,Geoff Bromaghim,https://twitter.com/geoffbromaghim,,,https://www.geoffbforanc.com/,person_GeoffBromaghim
10128,Alison Brooks,,,,,person_AlisonBrooks
10129,La Roya A. Huff,https://twitter.com/laroya_ward4,,https://www.facebook.com/LaRoyaHuffANC4B09/,,person_LaRoyaAHuff
10130,Charlotte Nugent,,,,,person_CharlotteNugent
10131,Maria Barry,https://twitter.com/MariaFeitBarry,,https://www.facebook.com/mariabarry4C02/,,person_MariaBarry
10132,Ulysses E. Campbell,https://twitter.com/uecindc,,,,person_UlyssesECampbell
10133,Nora Simon,https://twitter.com/NoraKarenS,,,,person_NoraSimon
10134,Debbie Matties,https://twitter.com/debmatties,,,,person_DebbieMatties
10135,Bennett Hilley,,,,,person_BennettHilley
10136,Kim Varzi,,,,,person_KimVarzi
10137,Leah Anderson,,,,,person_LeahAnderson
10138,Tearsa Coates,https://twitter.com/tearsacoates,,,,person_TearsaCoates
10139,Jonah Goodman,https://twitter.com/ANCJonah,,https://www.facebook.com/ancjonah/,,person_JonahGoodman
10140,Peter Tabor,,,,,person_PeterTabor
10141,Renée L. Bowser,https://twitter.com/ReneeLBowser,,,,person_RenéeLBowser
10142,Aaron Polkey,https://twitter.com/apolkey,,,,person_AaronPolkey
10143,Jamie Barden,https://twitter.com/ANC4D04,,,,person_JamieBarden
10144,Krystal Branton,https://twitter.com/Anc4D05,,,,person_KrystalBranton
10145,Jonathan Nobil,,,,,person_JonathanNobil
10146,Frank Wilds,https://twitter.com/FrankWilds,,,,person_FrankWilds
10147,Grace J. Lewis,,,,,person_GraceJLewis
10148,Emily Singer Lucio,https://twitter.com/singerlucio,,https://www.facebook.com/Emily-Singer-Lucio-Commissioner-5A03-787598228259523/,,person_EmilySingerLucio
10149,Ronnie Edwards,,,,,person_RonnieEdwards
10150,Claudia Barragan,,,,,person_ClaudiaBarragan
10151,Sandi Washington,,,,,person_SandiWashington
10152,Gordon-Andrew Fletcher,https://twitter.com/GAFANC5A08,,https://www.facebook.com/gordonandrewfletcheranc5a0/,,person_GordonAndrewFletcher
10153,Gayle Carley,,,,,person_GayleCarley
10154,Ursula Higgins,,,,,person_UrsulaHiggins
10155,Henri Makembe,https://twitter.com/henrim,,,,person_HenriMakembe
10156,Ra Amin,https://twitter.com/raamin5b04,,,,person_RaAmin
10157,Landon Jones,https://twitter.com/Landon2814,,,,person_LandonJones
10158,Gail Brevard,,,,,person_GailBrevard
10159,Lauren Rogers,https://twitter.com/laurenrogersdc,,https://www.facebook.com/laurenrogersdc/,,person_LaurenRogers
10160,Pierre Hines,https://twitter.com/pierrechines,,,,person_PierreHines
10161,Jacqueline Manning,https://twitter.com/JCMSpeaks,,,,person_JacquelineManning
10162,Darlene Oliver,,,,,person_DarleneOliver
10163,Kirsten Williams,,,,,person_KirstenWilliams
10164,Jeremiah Montague Jr.,,,,,person_JeremiahMontagueJr
10165,Ryan Linehan,https://twitter.com/IvyCityRyan,,,,person_RyanLinehan
10166,Keisha L. Shropshire,https://twitter.com/ShropANC5D02,,,,person_KeishaLShropshire
10167,Steven C. Motley Sr,,,,,person_StevenCMotleySr
10168,Bernice S. Blacknell,,,,,person_BerniceSBlacknell
10169,Sydelle Moore,https://twitter.com/sydellebelle,,,https://www.sydelleforanc.com/,person_SydelleMoore
10170,Clarence Lee,,,,,person_ClarenceLee
10171,Nick Cheolas,https://twitter.com/Nick4Ward5,,,https://www.anc5e01.org/,person_NickCheolas
10172,Patricia Williams (Ward 5),,,,,person_PatriciaWilliamsWard5
10173,Cortney Segmen,https://twitter.com/cortneyfor5e03,,,,person_CortneySegmen
10174,Sylvia M. Pinkney,,,,,person_SylviaMPinkney
10175,Bradley Ashton Thomas,https://twitter.com/votebradley4dc,,,,person_BradleyAshtonThomas
10176,Karla M. Lewis,https://twitter.com/ANC_5E06,,,https://karlamlewis4anc.wordpress.com/,person_KarlaMLewis
10177,Bertha G. Holliday,,,,https://www.berthaholliday.com/,person_BerthaGHolliday
10178,Robert Vinson Brannum,https://twitter.com/Anc5E08,,,,person_RobertVinsonBrannum
10179,Dianne Barnes,https://twitter.com/5E09Commish,,,https://www.anc5e09.info/,person_DianneBarnes
10180,Nancy Darlene Jones,,,,,person_NancyDarleneJones
10181,Marie-Claire Brown,,,,,person_MarieClaireBrown
10182,Phil Toomajian,,,,,person_PhilToomajian
10183,Michael Soderman,,,,,person_MichaelSoderman
10184,Amber Gove,https://twitter.com/AmberGove,,,,person_AmberGove
10185,Ruth Ann Hudson,https://twitter.com/RuthAnnANC6A05,,,,person_RuthAnnHudson
10186,Stephanie Zimny,,,,,person_StephanieZimny
10187,Sondra Phillips-Gilbert,https://twitter.com/sondragilbert,,,,person_SondraPhillipsGilbert
10188,Brian Alcorn,https://twitter.com/AlcornANC6A08,,https://www.facebook.com/AlcornANC6A08/,,person_BrianAlcorn
10189,Jennifer E. Samolyk,,,,,person_JenniferESamolyk
10190,Gerald Sroufe,,,,,person_GeraldSroufe
10191,Brian Ready,https://twitter.com/Ready_4_DC,,,,person_BrianReady
10192,Kirsten Oldenburg,https://twitter.com/kirsten6b,,,https://www.kirsten6b.org/,person_KirstenOldenburg
10193,Steven Holtzman,https://twitter.com/SteveHoltzman3,,,,person_StevenHoltzman
10194,Corey Holman,https://twitter.com/coreyholman,,,https://coreyholman.com/,person_CoreyHolman
10195,Kelly Waud,,,,,person_KellyWaud
10196,Chander Jayaraman,https://twitter.com/DC_Chander,,,,person_ChanderJayaraman
10197,Kathryn Denise Rucker Krepp,https://twitter.com/Anc6B10,,,https://deniseforanc.com/,person_KathrynDeniseRuckerKrepp
10198,Christine Healey,,,,,person_ChristineHealey
10199,Karen Wirt,,,,,person_KarenWirt
10200,Jay Adelstein,https://twitter.com/JayAdelstein,,,,person_JayAdelstein
10201,Mark Eckenwiler,https://twitter.com/20002ist,,,,person_MarkEckenwiler
10202,Joel Kelty,,,,,person_JoelKelty
10203,Drew Courtney,https://twitter.com/DrewCourt_6C06,,,https://www.drewforanc.com/,person_DrewCourtney
10204,Gail Fast,,,,,person_GailFast
10205,Anna Forgie,https://twitter.com/AnnaForgieANC,,,,person_AnnaForgie
10206,Ronald R. Collins,,,,,person_RonaldRCollins
10207,Andy Litsky,,,,,person_AndyLitsky
10208,"Fredrica ""Rikki"" Kramer",,,,,person_FredricaRikkiKramer
10209,Rhonda N. Hamilton,,,,,person_RhondaNHamilton
10210,Edward Daniels,https://twitter.com/EdwardDaniels,,https://www.facebook.com/edwardANC/,https://www.edwardforanc.com/,person_EdwardDaniels
10211,"Alexander M. ""Alex"" Padro",https://twitter.com/AlexanderMPadro,,,http://www.alexpadro.com/,person_AlexanderMAlexPadro
10212,Michael J. Brown,,,,,person_MichaelJBrown
10213,Frank S. Wiggins,,,,,person_FrankSWiggins
10214,Rachelle P. Nigro,https://twitter.com/nigro4dc,,https://www.facebook.com/votenigro,,person_RachellePNigro
10215,Alex Marriott,https://twitter.com/AlexMarriottANC,,,,person_AlexMarriott
10216,Alvin Judd Sr.,,,,,person_AlvinJuddSr
10217,Kevin M. Rogers,,,,,person_KevinMRogers
10218,Patricia Howard-Chittams,,,,,person_PatriciaHowardChittams
10219,Tiffany L. Brown,https://twitter.com/tlbrown1221,,,http://tiffanylbrown.weebly.com/,person_TiffanyLBrown
10220,Benjamin Crane,https://twitter.com/anc7b03,,,,person_BenjaminCrane
10221,Nicole Smith-McDermott,,,,,person_NicoleSmithMcDermott
10222,"Villareal ""VJ"" Johnson II",,,,,person_VillarealVJJohnsonII
10223,April Pradier,,,,,person_AprilPradier
10224,D.L. Humphrey,https://twitter.com/Anc7B07,,,,person_DLHumphrey
10225,Patricia A. Malloy,,,,,person_PatriciaAMalloy
10226,Catherine A. Woods,,,,,person_CatherineAWoods
10227,Anthony Lorenzo Green,https://twitter.com/TeamALGWard7,,https://www.facebook.com/ALGWard7,https://www.algdc.com,person_AnthonyLorenzoGreen
10228,Mary L. Gaffney,,,,,person_MaryLGaffney
10229,Arnold Smith,,,,,person_ArnoldSmith
10230,Antawan Holmes,https://twitter.com/AntawanHolmes,,,https://antawanholmes.com/,person_AntawanHolmes
10231,Tamara Blair,https://twitter.com/BlairTamara,,,,person_TamaraBlair
10232,Siraaj M. Hasan,https://twitter.com/Siraaj_CEO_SMSB,,,,person_SiraajMHasan
10233,Dorothy Douglas,https://twitter.com/DDouglasANC7D03,,,,person_DorothyDouglas
10234,Cinque E. Culver,https://twitter.com/CinqueCulver,,,,person_CinqueECulver
10235,Aretha Jackson,https://twitter.com/ArethaJJack,,,,person_ArethaJackson
10236,Artilie Wright,,,,,person_ArtilieWright
10237,Veda Rasheed,https://twitter.com/VedaRasheed,,,,person_VedaRasheed
10238,Linda S. Green,,,,,person_LindaSGreen
10239,Ebbon A. Allen,https://twitter.com/Anc7Eo3,,,,person_EbbonAAllen
10240,Takiyah Tate,,,,,person_TakiyahTate
10241,Victor L. Horton,https://twitter.com/1mV1ctor,,,,person_VictorLHorton
10242,Delia Houseal,https://twitter.com/DeliaHouseal,,,,person_DeliaHouseal
10243,Yolanda Fields,,,,,person_YolandaFields
10244,Tyrell M. Holcomb,https://twitter.com/tmholcomb,,https://www.facebook.com/tmholcomb,https://www.tyrellholcomb.com/,person_TyrellMHolcomb
10245,Terrance Hunter,,,,,person_TerranceHunter
10246,Sheila Carson Carr,,,,,person_SheilaCarsonCarr
10247,C Exum,,,,,person_CExum
10248,Brittany N. Hughes,,,,,person_BrittanyNHughes
10249,Carol E. Fletcher,,,,,person_CarolEFletcher
10250,Holly Muhammad,https://twitter.com/soldbyhollym,,,,person_HollyMuhammad
10251,Barbara J. Clark,,,,,person_BarbaraJClark
10252,Brian K Thompson,,,,,person_BrianKThompson
10253,Troy Donte Prestwood,https://twitter.com/TroyDonte,,,,person_TroyDontePrestwood
10254,Dorcas Agyei,https://twitter.com/DorcasAgyei4,,,,person_DorcasAgyei
10255,Tyón Jones,https://twitter.com/DC_TJ23,,,,person_TyónJones
10256,Hanna Baker,https://twitter.com/IBHanna,,,,person_HannaBaker
10257,Leonard Lee Watson Jr.,,,,,person_LeonardLeeWatsonJr
10258,Paul Trantham,,,,,person_PaulTrantham
10259,Charles H. Wilson,,,,,person_CharlesHWilson
10260,Darrell Danny Gaston,https://twitter.com/DarrellGastonDC,,https://www.facebook.com/darrellgastondc,,person_DarrellDannyGaston
10261,Betty Scippio,,,https://www.facebook.com/pages/category/Political-Organization/8b05-ANC-Commissioner-Betty-Scippio-325546191438020/,,person_BettyScippio
10262,Humam Abdulmalik,,,https://www.facebook.com/Commissioner8B06/,https://humamabdulmalik8b06.weebly.com/,person_HumamAbdulmalik
10263,Keeon Johnson,,,,,person_KeeonJohnson
10264,Mike Austin,https://twitter.com/Mike8Austin,,,,person_MikeAustin
10265,Chyla D. Evans,,,,,person_ChylaDEvans
10266,"Robbie ""The Advocate"" Woodland",https://twitter.com/robbie4ward8,,,,person_RobbieTheAdvocateWoodland
10267,Regina Sharlita Pixley,,,,,person_ReginaSharlitaPixley
10268,Mustafa Abdul-Salaam,,,https://www.facebook.com/mabdulsalaam1,,person_MustafaAbdulSalaam
10269,Rhonda L. Edwards-Hines,,,,,person_RhondaLEdwardsHines
10270,Salim Adofo,https://twitter.com/salimadofo,,https://www.facebook.com/salimadofo,https://www.salim4dc.com/,person_SalimAdofo
10271,"Patricia ""Pat"" Carmon",,,,,person_PatriciaPatCarmon
10272,Olivia L. Henderson,,,,,person_OliviaLHenderson
10273,Absalom Jordan,,,,,person_AbsalomJordan
10274,Monique T. Diop,https://twitter.com/MoniDiop,,,,person_MoniqueTDiop
10275,Ellen Armstead,https://twitter.com/commisharmstead,,https://www.facebook.com/pages/category/Politician/8DO5-ANC-Commissoner-Ellen-Armstead-100328974645314/,,person_EllenArmstead
10276,LaVerne R. Glenn,,,,,person_LaVerneRGlenn
10277,Constance Mobley,,,,,person_ConstanceMobley
10278,Adeoye Owolewa,,,,,person_AdeoyeOwolewa
10279,Cheryl Moore,,,,,person_CherylMoore
10280,Monica Watts,,,,,person_MonicaWatts
10281,Kendall Simmons,,,,,person_KendallSimmons
10282,Christopher L. Hawthorne,https://twitter.com/Christo34514033,,https://www.facebook.com/ChristopherHawthorne4Ward8-108356587365543/,,person_ChristopherLHawthorne
10283,"Karlene ""K"" Armstead",,,,,person_KarleneKArmstead
10284,Stephen A. Slaughter,,,https://www.facebook.com/anccommissioner.slaughter.5,,person_StephenASlaughter
10285,Dieter Lehmann Morales,https://twitter.com/commishdieter,,,,person_DieterLehmannMorales
10287,Sean McGrath,,,,,person_SeanMcGrath
10288,Judson Wood,,,,https://www.judsonwood.com/,person_JudsonWood
10289,Benjamin Tingle,,,,,person_BenjaminTingle
10290,Mukta Ghorpadey,https://twitter.com/muktaanc,,,,person_MuktaGhorpadey
10291,Victoria Sanchez,,,,,person_VictoriaSanchez
10292,"Michael ""Mike"" Singer",,,,,person_MichaelMikeSinger
10293,Celeste Carano,https://twitter.com/celestecarano,,,,person_CelesteCarano
10294,Elias Benda,,,,,person_EliasBenda
10295,Jennifer Hughes,,,,,person_JenniferHughes
10296,Peter Wood,https://twitter.com/notPeterWood,,https://www.facebook.com/peter.wood.50,https://www.pdawood.com/,person_PeterWood
10297,Meghan Faulkner,,,,https://meghanforanc.com,person_MeghanFaulkner
10298,Dennis Jaffe,https://twitter.com/dennisjaffe,,,,person_DennisJaffe
10299,Zack Gold,https://twitter.com/zacycles,,https://www.facebook.com/GoldForAdamsMorgan/,,person_ZackGold
10301,Fiona Clem,https://twitter.com/feejaysee,,,https://fiona1c08.org/,person_FionaClem
10302,Joel Causey,,,,https://causeyanc2a02.org/,person_JoelCausey
10303,John Didiuk,,,,,person_JohnDidiuk
10304,Evelyn Hudson,,,,,person_EvelynHudson
10305,Meg Roggensack,https://twitter.com/ancmeg,,,https://meg4anc.com/,person_MegRoggensack
10306,Yousef Bashir,,,,,person_YousefBashir
10307,Robin Nunn,,,https://www.facebook.com/Robin4anc/,https://robin4dc.com/,person_RobinNunn
10309,Moshe 'Mo' Pasternak,https://twitter.com/MoPasternakDC,,https://facebook.com/MoPasternakANC,https://mopasternak.com/,person_MosheMoPasternak
10310,Diane C. Quinn,,,,,person_DianeCQuinn
10311,Matthew Holden,https://twitter.com/_matthewthomas,,,https://matthew2b08.com/,person_MatthewHolden
10312,Kyle Mulhall,https://twitter.com/kyle_mulhall_DC,,https://www.facebook.com/Kyle-Mulhall-for-ANC-103884294735452,https://kyle4anc.com/,person_KyleMulhall
10313,Gigi Nelson,https://twitter.com/Gigi_ANC2C03,,https://www.facebook.com/gigi.anc.3,,person_GigiNelson
10314,Thomas McDonough,,,,,person_ThomasMcDonough
10315,Jenny Mitchell,,,,,person_JennyMitchell
10316,"Christopher ""Topher"" Mathews",https://twitter.com/GeorgetownMet,,,,person_ChristopherTopherMathews
10318,Brian Romanowski,https://twitter.com/DCShawTea,,,,person_BrianRomanowski
10319,Peyton Jane Gibson,https://twitter.com/peytonjaneg,,,,person_PeytonJaneGibson
10320,Rehana Mohammed,https://twitter.com/Rehana2F07,,http://facebook.com/rehanaforanc,http://rehanaforanc.com/,person_RehanaMohammed
10321,Elizabeth Elson,,,,,person_ElizabethElson
10322,Janell Pagats,https://twitter.com/janell105janell,,,,person_JanellPagats
10323,Meena Aladdin,,,,,person_MeenaAladdin
10324,Trish Berman,,,,,person_TrishBerman
10325,Sauleh A. Siddiqui,https://twitter.com/saulehforanc,,,,person_SaulehASiddiqui
10326,Kamolika Das,https://twitter.com/Kamolika_Das,,,,person_KamolikaDas
10327,Caroline Jane Croft,,,,,person_CarolineJaneCroft
10329,Christian Damiana,https://twitter.com/latestchristian,,,https://www.electdamiana.com/,person_ChristianDamiana
10330,Ben Bergmann,https://twitter.com/bzbergmann,,,,person_BenBergmann
10331,Doreen Moses,,,,,person_DoreenMoses
10332,Marc Hayes Robinson,,,,,person_MarcHayesRobinson
10333,Matthew Cohen,https://twitter.com/matthewcohenanc,,,,person_MatthewCohen
10334,Laila Kunaish,,,,,person_LailaKunaish
10335,Ulas Doga Eralp,,,,,person_UlasDogaEralp
10336,"Dipali (""Dipa"") Mehta",,,,,person_DipaliDipaMehta
10337,Lisa Cox,,,,,person_LisaCox
10338,Lisa R. Gore,https://twitter.com/GoreforANC34G01,,,https://www.lisa4anc.com/,person_LisaRGore
10339,Lucinda A. Wade,,,,,person_LucindaAWade
10340,John K. Higgins,,,,,person_JohnKHiggins
10341,Connie K. N. Chang,https://twitter.com/ConnieKNChang,,,https://connieknchangforanc.com/,person_ConnieKNChang
10342,Merrit P. Drucker,,,,,person_MerritPDrucker
10343,"Jes'Terieuz ""JT"" Howard",,,,,person_JesTerieuzJTHoward
10344,Aretha N. Jones,,,,,person_ArethaNJones
10345,Pavan Ishwar Khoobchandani,https://twitter.com/PKhoobchandani,,,,person_PavanIshwarKhoobchandani
10346,Jocelynn 'JJ' Johnson,,,,,person_JocelynnJJJohnson
10347,Laurence B Minor II,,,,,person_LaurenceBMinorII
10348,Tischa Cockrell,,,https://www.facebook.com/anc4b09tischacockrell/,,person_TischaCockrell
10349,Vanessa Rubio,https://twitter.com/vanessarubio01,,,,person_VanessaRubio
10350,Taalib-Din Uqdah,,,,,person_TaalibDinUqdah
10351,Yvette D. Marbury-Long,,,,,person_YvetteDMarburyLong
10352,Mike Whelan,https://twitter.com/Mike4Petworth,,https://www.facebook.com/Mike4Petworth,https://www.mikeforpetworth.com/,person_MikeWhelan
10353,Namatie Sia Mansaray,https://twitter.com/MsMansaray,,https://www.facebook.com/NamatieSiaMansaray/,https://www.namatiemansaray.com/,person_NamatieSiaMansaray
10354,Charles Andrew Sinks,https://twitter.com/notfloats,,,https://www.charlieforanc.com/,person_CharlesAndrewSinks
10355,Alan Wehler,https://twitter.com/alanwehler,,,,person_AlanWehler
10356,Monica P. Blair,,,,,person_MonicaPBlair
10357,Damion McDuffie Sr.,https://twitter.com/1handsometaurus,,,,person_DamionMcDuffieSr
10358,Nestride Yumga,https://twitter.com/nestride,,,,person_NestrideYumga
10360,Cynthia Woerner,,,,,person_CynthiaWoerner
10361,John J. Feeley Jr.,,,,https://smd5b05.blogspot.com/,person_JohnJFeeleyJr
10362,Michael Triebwasser,https://twitter.com/trieb4anc,,https://www.facebook.com/trieb4anc,https://www.trieb4anc.com/,person_MichaelTriebwasser
10363,Thaddeus James,,,,,person_ThaddeusJames
10364,D'Andre A. Phillips,,,,https://www.dandrephillips.com/,person_DAndreAPhillips
10365,Sebrena L. Rhodes,https://twitter.com/ivycitybree,,,,person_SebrenaLRhodes
10366,"Salvador ""The Commissioner"" Sauceda-Guzman",https://twitter.com/SalvadorFor5D05,,,https://www.salvadorfordc.com/,person_SalvadorTheCommissionerSaucedaGuzman
10367,Sean Barry,,,https://www.facebook.com/seanbbarrydc/,https://www.seanbarrydc.com/,person_SeanBarry
10368,James Butler,https://twitter.com/jamesbutler4dc,,https://www.facebook.com/TheRealJamesButler/,http://www.butlerforanc.com/,person_JamesButler
10369,Latoya Moore,https://twitter.com/LatoyaM01766637,,,https://www.mooreforanc.com/,person_LatoyaMoore
10370,Kathy Henderson,,,,,person_KathyHenderson
10371,Zachary Hoffman,,,,https://www.hoffmananc5d.com/,person_ZacharyHoffman
10372,Stephen Cobb,https://twitter.com/StephenACobb,,,https://cobbfor5d.com/,person_StephenCobb
10373,Denise L. Wright,,,,,person_DeniseLWright
10374,Sharon Burns,,,,,person_SharonBurns
10375,Kirby Vining,,,https://www.facebook.com/KirbyForANC/,,person_KirbyVining
10376,Keya Chatterjee,https://twitter.com/keya_chatterjee,,,https://www.keyachatterjeeforanc6a01.com/,person_KeyaChatterjee
10378,Ali Gardezi,,,https://www.facebook.com/TeamAli2020/,https://www.aligardezi2020.com/,person_AliGardezi
10379,H.J. Amons Sr.,,,,,person_HJAmonsSr
10380,Robb Dooling,https://twitter.com/Robb4DC,,https://www.facebook.com/Robb4DC,https://www.robbdooling.com/,person_RobbDooling
10381,Kate Robinson,https://twitter.com/Kate4dc,,https://www.facebook.com/KateforANC,https://katetrobinson.com/,person_KateRobinson
10382,Daniel M. Lee,,,,,person_DanielMLee
10383,Gerardo Mijares,,,,,person_GerardoMijares
10384,Paul Blair,,,,,person_PaulBlair
10385,Michael Morris,,,,,person_MichaelMorris
10386,R. André Speaks,,,,,person_RAndréSpeaks
10387,Pranav Nanda,https://twitter.com/PranavNandaDC,,https://www.facebook.com/PranavForDC/,https://pranavnanda6c04.com/,person_PranavNanda
10388,Tommy Howard,,,,,person_TommyHoward
10390,Michael Eichler,https://twitter.com/eichler4dc,,,https://eichler4dc.com,person_MichaelEichler
10391,Andrew Spencer DeFrank,https://twitter.com/andrewdefrank,,,,person_AndrewSpencerDeFrank
10392,Mary A. Sutherland,,,,,person_MaryASutherland
10393,Tony Brown,,,,,person_TonyBrown
10394,Alex Lopez,https://twitter.com/alopez_pdx,,,https://www.alexlopez6e02.com/,person_AlexLopez
10395,Valerie Randolph,,,,,person_ValerieRandolph
10396,Eugene Simms,,,,,person_EugeneSimms
10397,Matthew R. Salmon,,,,,person_MatthewRSalmon
10398,"Nate Brown ""MW6""",,,,,person_NateBrownMW6
10399,Chioma J. Iwuoha,https://twitter.com/Chioma7B01,,,,person_ChiomaJIwuoha
10400,Donna Robinson,,,,,person_DonnaRobinson
10401,Tony Dugger,https://twitter.com/CFMBDUGGER,,,,person_TonyDugger
10402,Andrew Carlyle Haynesworth,https://twitter.com/ach4dc,,,,person_AndrewCarlyleHaynesworth
10403,Mandla Deskins,https://twitter.com/MandlaTDeskins,,,https://www.mandla4anc.com/,person_MandlaDeskins
10406,Vince Van,https://twitter.com/vincejvan,,,https://www.vincevanfordc.com/,person_VinceVan
10407,Pete Stamper,,,,,person_PeteStamper
10408,Victoria Clark,https://twitter.com/_VictoriaRClark,,https://www.facebook.com/victoria4dc,https://www.victoria4dc.com/,person_VictoriaClark
10409,Emmanuelle Klossou,https://twitter.com/EKlossou,,,https://www.klossou4ward7.com/,person_EmmanuelleKlossou
10410,Milton Hardy,,,,,person_MiltonHardy
10411,Rebecca J. Morris,https://twitter.com/heymsrebecca,,,,person_RebeccaJMorris
10412,Natasha Dupee,https://twitter.com/DupeeforDC,,,https://linktr.ee/DupeeforDC,person_NatashaDupee
10413,Lorraine Miller,,,,,person_LorraineMiller
10414,Keith Hasan-Towery,https://twitter.com/towerykr,,,http://www.hasan-towery.com/,person_KeithHasanTowery
10415,Joel Savary,,,,,person_JoelSavary
10416,Brandon M. Scott,,,,,person_BrandonMScott
10417,Dawn R. Cook,,,,,person_DawnRCook
10418,Racquel Codling,,,,,person_RacquelCodling
10420,Ira L. Lovelace,,,,,person_IraLLovelace
10421,Moses Smith,,,,,person_MosesSmith
10422,Laneice Moore,,,,,person_LaneiceMoore
10423,Michael Grier,https://twitter.com/daeducatormg06,,,,person_MichaelGrier
10424,Jamila White,https://twitter.com/JamilaWhiteDC,,,,person_JamilaWhite
10425,Aiyi'nah D. Ford,https://twitter.com/aplus8a06,,https://www.facebook.com/aplus8a06/,https://www.aplus8a06.com/,person_AiyinahDFord
10426,Isaac Smith,,,,https://isaacsmithdc.nationbuilder.com/,person_IsaacSmith
10427,Alyce K. McFarland,,,,,person_AlyceKMcFarland
10428,Kevin B. Coleman,,,,,person_KevinBColeman
10429,Victoria Akinseye,https://twitter.com/VictoriaAkinse3,,,https://linktr.ee/VictoriaAkinseye,person_VictoriaAkinseye
10430,Tasha J. Powell,,,,,person_TashaJPowell
10432,Jonathan Steele,,,,,person_JonathanSteele
10433,Mary J. Cuthbert,,,,,person_MaryJCuthbert
10434,"Rowena ""Joyce"" Scott",,,,,person_RowenaJoyceScott
10435,Emerald Holman,,,,https://www.emerald4dc.com/,person_EmeraldHolman
10436,Shanquella 'Goldie' Ross,,,,,person_ShanquellaGoldieRoss
10437,Rufaro Jenkins,,,,,person_RufaroJenkins
10438,Bruce Jones,,,,,person_BruceJones
10439,Anthony Muhammad,https://twitter.com/ward8_4muhammad,,,,person_AnthonyMuhammad
10440,Richard Martin Campbell,,,,,person_RichardMartinCampbell
10441,Shaquan Hudson,,,,,person_ShaquanHudson
10442,Brittany Geneva Cummings,https://twitter.com/bgc4dc,,https://www.facebook.com/BGC4DC/,https://www.bgc4dc.com/,person_BrittanyGenevaCummings
10443,"Jeannina ""W8 Matters"" Williams",,,,,person_JeanninaW8MattersWilliams
10445,William Herbig,https://twitter.com/William_Herbig,,https://www.facebook.com/will4anc,,person_WilliamHerbig
10446,Jeremy Foster,,,,,person_JeremyFoster
10447,Audrey Anderson Duckett,https://twitter.com/audreyaduckett,,,,person_AudreyAndersonDuckett
10448,Steven Reaves Couper,,,,,person_StevenReavesCouper
10449,Mary L. Farmer-Allen,,,,,person_MaryLFarmerAllen
10450,Cindy Drabek,,,,,person_CindyDrabek
10451,Katherine Kortum,,,,,person_KatherineKortum
10452,John F. Adams,,,,,person_JohnFAdams
10453,Betty J. Diggs,,,,,person_BettyJDiggs
10454,Greta Fuller,https://twitter.com/greta4ward8,,,,person_GretaFuller
10456,Kwasi Seitu,,,,,person_KwasiSeitu
10457,Kendrick Daniel,https://twitter.com/kendrickjdaniel,,,,person_KendrickDaniel
10458,Patricia Janifer,,,,,person_PatriciaJanifer
10459,"Shekita ""Ki-Ki"" McBroom",,,,,person_ShekitaKiKiMcBroom
10460,Max Ewart,https://twitter.com/Capn_max,,,,person_MaxEwart
10461,Nancy Shia,https://twitter.com/nancy_shia,,,,person_NancyShia
10462,Ashley Warren,https://twitter.com/ashelizwarren,,,https://www.ashleyforanc.com/,person_AshleyWarren
10463,Karen Settles,,,,,person_KarenSettles
10464,Robin McKinney,https://twitter.com/boomboomdaclown,,,,person_RobinMcKinney
10465,Reginia R. Summers,,,,,person_ReginiaRSummers
10466,Veronica Proctor,,,,,person_VeronicaProctor
10467,Ryan Keefe,https://twitter.com/Ryanfor3F05,,,,person_RyanKeefe
10468,Larry Handerhan,https://twitter.com/larryhanderhan,,,,person_LarryHanderhan
10469,Dan Wittels,,,,https://wittelsanc1b12.wordpress.com/,person_DanWittels
10470,John P. George,,,,,person_JohnPGeorge
10471,Michael Scott McKernan,,,,,person_MichaelScottMcKernan
10472,Michelle Yan,https://twitter.com/MichelleYan26,,,,person_MichelleYan
10473,Jacob Mason,https://twitter.com/mason_transport,,,,person_JacobMason
10474,Michael Braeuninger,,,,,person_MichaelBraeuninger
10475,Joseph B. Johnson,,,,,person_JosephBJohnson
10476,Alyse Newhouse,https://twitter.com/Alyse4DC,,,,person_AlyseNewhouse
10477,Toni A. Ghazi,,,,,person_ToniAGhazi
10478,Alexandria Appah,https://twitter.com/MixedGirlSpeaks,,,,person_AlexandriaAppah
10479,Alexander Armstrong,https://twitter.com/AlexJArmstrong,,,,person_AlexanderArmstrong
10480,Paul Johnson,https://twitter.com/paulotjoao,,,,person_PaulJohnson
10481,Clara Haskell Botstein,https://twitter.com/CBotstein,,,https://www.claraforanc.com/,person_ClaraHaskellBotstein
10482,Zachary Israel,https://twitter.com/ZachBIsrael,,,,person_ZacharyIsrael
10483,Michael Lussier,,,,https://www.michaellussieranc5d.com/,person_MichaelLussier
10484,Rico Dancy,https://twitter.com/deafPolitics216,,https://www.facebook.com/Rico-dancy-for-the-people-108304324342562,,person_RicoDancy
10485,Jordan Hibbs,https://twitter.com/VoteJordanHibbs,,,https://www.votejordanhibbs.com/,person_JordanHibbs
10486,Kristina (K) Leszczak,https://twitter.com/FirstHomeDC,,https://www.facebook.com/FirstHomeDC,https://www.vote4k.com/,person_KristinaKLeszczak
10487,Alan Kensek Jr.,,,,https://www.linkedin.com/in/alan-kensek,person_AlanKensekJr
10488,Andre Denegri,,,,,person_AndreDenegri
10489,Alexandra Morgan,,,,,person_AlexandraMorgan
10490,Jonathan Alfuth,,,,,person_JonathanAlfuth
10491,Justin R. Riordan,https://twitter.com/Justin_Riordan,,,https://www.justin4anc.info/,person_JustinRRiordan
10492,Steven Tiller,https://twitter.com/tillertitan,,,,person_StevenTiller
10493,Sara Cantos Kline,,,,,person_SaraCantosKline
10494,Claudette David,,,,,person_ClaudetteDavid
10495,Matt Buechner,https://twitter.com/mattbuechner,,,,person_MattBuechner
10496,Chris Hall,,,,,person_ChrisHall
10497,Muhsin Umar,,,,,person_MuhsinUmar
10498,Karen Gaal,https://twitter.com/Anc1B04,,https://www.facebook.com/KarenGaalDC/,https://karengaal.com/,person_KarenGaal
10499,Judy Floy,,,,,person_JudyFloy
10500,Eric Behna,https://twitter.com/ericbehna,,,https://www.ericbehna1b08.com/,person_EricBehna
10502,Adam M. Hoyt,https://twitter.com/adamhoyt,,,,person_AdamMHoyt
10503,Dora Currea,,,,,person_DoraCurrea
10504,Stephanie M. Zobay,,,,,person_StephanieMZobay
10505,Jason Rao,,,,,person_JasonRao
10506,Mia Bruner,,,,,person_MiaBruner
10507,Aryan Rodriguez Bocquet,https://twitter.com/abocq,,,,person_AryanRodriguezBocquet
10508,Colleen Costello,https://twitter.com/costello5b05,,,https://anc5b05.com/,person_ColleenCostello
10509,Raymond Chandler,https://twitter.com/RCforANC5C05,,https://www.facebook.com/rcforanc5c05/,,person_RaymondChandler
10510,Aliyah McNeely,,,,,person_AliyahMcNeely
10511,Laura Gentile,https://twitter.com/lauragentileanc,,,,person_LauraGentile
10512,Patrick K. Parlej,https://twitter.com/PatrickParlej,,,http://www.patrickforanc.com/,person_PatrickKParlej
10513,Denise E. Blackson,,,,,person_DeniseEBlackson
10514,Cydne Smith Nash,https://twitter.com/CydneNash,,,,person_CydneSmithNash
10515,Patricia Stamper,https://twitter.com/stamper4dc,,,,person_PatriciaStamper
10516,Stephanie Audain,https://twitter.com/AudainANC7D05,,,,person_StephanieAudain
10517,Michelle Kiah,,,,,person_MichelleKiah
10518,"Dolores ""Miracle"" Bryant",,,,,person_DoloresMiracleBryant
10519,Sabel Harris,https://twitter.com/sabelharris,,https://www.facebook.com/sabelfordc,https://www.sabelfordc.com/,person_SabelHarris
10520,Sherene Joseph,https://twitter.com/sherenejoseph,,https://www.facebook.com/ShereneforANC,https://www.shereneforanc.com/,person_ShereneJoseph
10521,Alexandra Bailey,https://twitter.com/alexfor2f08,,,https://www.instagram.com/alexfor2f08/,person_AlexandraBailey
10522,Katharine Nanavatty,,,,,person_KatharineNanavatty
10524,Katie A. Snyder,,,,,person_KatieASnyder
10525,Brenda Dawson Parks,,,,,person_BrendaDawsonParks
10526,Bobby Curtis King II,,,,,person_BobbyCurtisKingII
10527,Simone Egwu,,,,,person_SimoneEgwu
10528,Kimory KSO Orendoff,,,,,person_KimoryKSOOrendoff
10529,Benjamin Hart Butz,https://twitter.com/Benjamin_Hart82,,,,person_BenjaminHartButz
10530,Zack Brown,,,,,person_ZackBrown
10531,Amy Nasr,,,,,person_AmyNasr
10532,Elizabeth Miske,https://twitter.com/ellie_miske,,https://www.facebook.com/Elizabeth-Miske-for-ANC-2C02-109080067599416,https://www.miskefor2c02.com/,person_ElizabethMiske
10533,Ron Rubin,https://twitter.com/ronaldlrubin,,,,person_RonRubin
10535,Steven Faigen,,,,,person_StevenFaigen
10536,Mark Moran,,,,,person_MarkMoran
10538,I-Ra A. Abubaker,,,,,person_IRaAAbubaker
10539,Joseph P. Brennan III,,,,,person_JosephPBrennanIII
10540,Ursula Antares Miller,,,,,person_UrsulaAntaresMiller
10541,"Sukhprita ""Prita"" Piekara",https://twitter.com/PritaPiekara,,,https://www.anc5b03.com/,person_SukhpritaPritaPiekara
10542,Ashlee Gates Mercer,,,,,person_AshleeGatesMercer
10543,Marina Budimir,,,,https://www.marinabudimir.com/,person_MarinaBudimir
10544,Michael Kaercher,https://twitter.com/suederaincoat,,,,person_MichaelKaercher
10545,Timothy W. Drake,,,,,person_TimothyWDrake
10546,Eric S. Blaylock,,,,https://www.ericblaylock4anc.com/,person_EricSBlaylock
10547,Kelvin Brown,https://twitter.com/commr_brown,,,https://www.kelvinbrowndc.com/,person_KelvinBrown
10549,Kimberly Martin,https://twitter.com/kim4dc,,,,person_KimberlyMartin
10550,George O. Reid Jr.,,,,,person_GeorgeOReidJr
10551,Jason Hamacher,https://twitter.com/jasonhamacher,,,,person_JasonHamacher
10552,Will Mascaro,https://twitter.com/thewillmascaro,,,,person_WillMascaro
10553,Sabra Horne,,,,,person_SabraHorne
10554,Carolyn C. Steptoe,,,,,person_CarolynCSteptoe
10555,Farrah Darbouze,,,,,person_FarrahDarbouze
10556,Cecelia Waldeck,,,,,person_CeceliaWaldeck
10557,Erik Lindsjö,https://twitter.com/ErikLindsjo,,,,person_ErikLindsjö
10558,Misha G. Cornelius,,,,,person_MishaGCornelius
10559,Peter Benzoni,,,,,person_PeterBenzoni
10560,Derrick O. Holloway Sr.,,,,,person_DerrickOHollowaySr
10561,Cameron Brown,,,,,person_CameronBrown
10562,Sally Hobaugh,https://twitter.com/LifeontheEdgewd,,,https://www.edgewoodanc.com/,person_SallyHobaugh
10563,Boaz Yavnai,,,,,person_BoazYavnai
10564,Peter Wright,https://twitter.com/ANC6B08,,,,person_PeterWright
10565,Alison Horn,https://twitter.com/alisonanc,,,,person_AlisonHorn
10566,Tierra J. Fletcher,,,,,person_TierraJFletcher
10567,Justyn Iman,,,,,person_JustynIman
10568,Frederick Wolf,,,,,person_FrederickWolf
10570,Matthew Brandeburg,https://twitter.com/matt_brandeburg,,,,person_MatthewBrandeburg
10572,Elizabeth R. Pemmerl,,,,,person_ElizabethRPemmerl
10573,Wendy Lynch,,,,,person_WendyLynch
10574,Noah Bell,,,,,person_NoahBell
10575,Stanley Wall,https://twitter.com/stanwall,,,,person_StanleyWall
10576,Lisa Jensen,,,,,person_LisaJensen
10577,Stacy E. Beck,https://twitter.com/StacyBeckforANC,,https://www.facebook.com/StacyBeckforANC,https://www.stacybeckforanc.com/,person_StacyEBeck
10579,"Chrysanthe ""CC"" Courniotes",,,,,person_ChrysantheCCCourniotes
10580,April Brown,,,,,person_AprilBrown
10581,Harry L. Thomas III,,,,,person_HarryLThomasIII
10582,Brandon Robert Watts,https://twitter.com/iambrandonwatts,,,,person_BrandonRobertWatts
10583,Sarah Rens,,,,,person_SarahRens
10584,John Deignan,,,,,person_JohnDeignan
10585,David L. Retland,,,,,person_DavidLRetland
10586,James Goldfield,,,,,person_JamesGoldfield
10587,Sharon Jafari,,,,,person_SharonJafari
10588,Terri L. Acker,,,,,person_TerriLAcker
10589,Lucas McCabe,,,,,person_LucasMcCabe
10590,Adam Friend,,,,,person_AdamFriend
10591,Sarah Mehrotra,,,,,person_SarahMehrotra
10592,Cameron Powell,,,,,person_CameronPowell
10593,Michael Zeldin,https://twitter.com/MichaelZeldin,,https://www.facebook.com/Michael-Zeldin-for-Chevy-Chase-Advisory-Neighborhood-Commissioner-107572637732194,https://michaelzeldin.com/,person_MichaelZeldin
10594,Steve Donahoe,,,,,person_SteveDonahoe
10595,Chelsea Skinner,,,,,person_ChelseaSkinner
10596,Paul Biedlingmaier III,,,,,person_PaulBiedlingmaierIII
10597,David Brooks II,,,,,person_DavidBrooksII
10598,Ashley R. Ruff,https://twitter.com/ThawtfulWard7,,,,person_AshleyRRuff
10599,"Travon ""Ward 8"" Hawkins",,,,,person_TravonWard8Hawkins
10600,Zenobia Love,,,,,person_ZenobiaLove
10601,Matthew O'Donnell,,,,,person_MatthewODonnell
10602,Charles T. Lockett,,,,,person_CharlesTLockett
10603,Andrew Bossi,https://twitter.com/thisisbossi,,,,person_AndrewBossi
10604,Yannik Omictin,https://twitter.com/Yannik_in_2A01,,https://www.facebook.com/Yannik-Omictin-for-ANC-2A01-104492221403072,,person_YannikOmictin
10605,Edward Ryder,https://twitter.com/EdwardRyder,,,https://www.edwardryderanc.com/,person_EdwardRyder
10606,Donna Barbisch,https://twitter.com/donnabarbisch,,,,person_DonnaBarbisch
10607,David Reinersmann,,,,,person_DavidReinersmann
10608,Jeremy Munro,https://twitter.com/porchrates,,,,person_JeremyMunro
10609,Misha Pettway,,,,,person_MishaPettway
10610,Jared Weiss,https://twitter.com/JaredWeissANC,,,,person_JaredWeiss
10611,Peter Gosselin,https://twitter.com/PeterGosselin,,,,person_PeterGosselin
10612,Eric Smith,https://twitter.com/EricSmithLaw1,,,,person_EricSmith
10613,Maliha Luqman,,,,,person_MalihaLuqman
10614,Benjamin Preis,,,,,person_BenjaminPreis
10615,Hannah Untereiner,https://twitter.com/hju23,,,,person_HannahUntereiner
10616,Lindsey Botts,,,,,person_LindseyBotts
10617,Wendell Felder,,,,,person_WendellFelder
10618,Whitney Weston,,,,,person_WhitneyWeston
10619,Shirley Thompson-Wright,,,,,person_ShirleyThompsonWright
10620,Khadijah Watson,,,,,person_KhadijahWatson
10621,Walter Leroy Peacock III,,,,,person_WalterLeroyPeacockIII
10622,Amanda Farnan,https://twitter.com/farnan4dc,,,https://www.farnan4dc.com/,person_AmandaFarnan
10623,Margaret McDonald,https://twitter.com/margareteileenn,,,,person_MargaretMcDonald
10624,Travis R. Swanson,https://twitter.com/CommissionerTRS,,https://www.facebook.com/SwansonDC,http://www.travisfor7b.com,person_TravisRSwanson
10625,De'ashia Deas,,,,,person_DeashiaDeas
10626,Joel Castόn,,,,,person_JoelCastόn
10627,James Tandaric,https://twitter.com/JamesTandaric,,,https://www.jamestandaric.com/,person_JamesTandaric
10628,Graham Button,,,,,person_GrahamButton
10629,Brandolon Barnett,https://twitter.com/BrandolonB,,,https://brandolonbarnett.com/,person_BrandolonBarnett
10630,LaQueda Tate,,,,,person_LaQuedaTate
10631,Harry Thomas Jr.,,,,,person_HarryThomasJr
10632,Jake Faleschini,https://twitter.com/soundpolicy,,,,person_JakeFaleschini
10633,Jeff Rueckgauer,https://twitter.com/Jeff2B02,,,,person_JeffRueckgauer
10634,Alex Rojas,,,,,person_AlexRojas
10635,Marjorie Lightman,,,,,person_MarjorieLightman
10636,Lisa Kralovic,,,,,person_LisaKralovic
10637,Lester Cuffie,,,,,person_LesterCuffie
10638,Marvin L. Johnson,,,,,person_MarvinLJohnson
10639,Ernest E. Johnson,,,,,person_ErnestEJohnson
10640,Valerie Baron,,,,,person_ValerieBaron
10641,Alexander Gallo,,,,,person_AlexanderGallo
10642,Vickey A. Wright-Smith,,,,,person_VickeyAWrightSmith
10643,Josue Salmeron,,,,,person_JosueSalmeron
10644,Amr Kotb,,,,,person_AmrKotb
10645,Steve Swank,,,,,person_SteveSwank
10646,Laina Aquiline,,,,,person_LainaAquiline
10647,Sentamu Kiremerwa,,,,,person_SentamuKiremerwa
10648,Lakew Alemu,,,,,person_LakewAlemu
10649,Sadaf Megan Mortezavi,,,,,person_SadafMeganMortezavi
10650,Kevin Holmes,,,,,person_KevinHolmes
10651,Kevin E. Clinesmith,,,,,person_KevinEClinesmith
10652,Patrick W. Flynn,,,,,person_PatrickWFlynn
10653,"William ""Bill"" Brown Jr.",,,,,person_WilliamBillBrownJr
10654,Richard Dubeshter,,,,,person_RichardDubeshter
10655,Thomas Boisvert,,,,,person_ThomasBoisvert
10656,Darwain Frost,,,,,person_DarwainFrost
10657,Sharon Farmer,,,,,person_SharonFarmer
10658,Bobby Holmes,,,,,person_BobbyHolmes
10659,Keith Dokho,,,,,person_KeithDokho
10660,Anthony Cimino,,,,,person_AnthonyCimino
10661,"Lenwood ""Lenny"" Johnson",,,,,person_LenwoodLennyJohnson
10662,Amanda Frost,,,,,person_AmandaFrost
10663,Miriam Z. Savad,,,,,person_MiriamZSavad
10664,Rosalind M. Gilliam,,,,,person_RosalindMGilliam
10665,Zach Teutsch,,,,,person_ZachTeutsch
10667,Margaret Hundley,,,,,person_MargaretHundley
10668,Marc Morgan,,,,,person_MarcMorgan
10669,Brian Footer,https://twitter.com/bdfooter,,,,person_BrianFooter
10670,Jonathan Goldman,,,,,person_JonathanGoldman
10671,Jeremy C. Leffler,,,,,person_JeremyCLeffler
10672,Ellen Nedrow Sullivan,,,,,person_EllenNedrowSullivan
10673,Jennie Nevin,,,,,person_JennieNevin
10674,Brad Gudzinas,,,,,person_BradGudzinas
10675,Caleb-Michael Files,,,,,person_CalebMichaelFiles
10676,Patrick Nelson,,,,,person_PatrickNelson
10677,Kevin Cain,,,,,person_KevinCain
10678,Jon D. Squicciarini,,,,,person_JonDSquicciarini
10679,Ricardo A. Reinoso,,,,,person_RicardoAReinoso
10680,Nicolas Ferreyros,,,,,person_NicolasFerreyros
10681,Nathan Ackerman,,,,,person_NathanAckerman
10682,Christopher Ede-Calton,,,,,person_ChristopherEdeCalton
10683,James Cordes,,,,,person_JamesCordes
10684,Dyana Forester,,,,,person_DyanaForester
10685,David Gilliland,,,,,person_DavidGilliland
10686,Juan E. Lopez,,,,,person_JuanELopez
10687,Jessica Smith,,,,,person_JessicaSmith
10688,Emily Washington,,,,,person_EmilyWashington
10689,Mark Ranslem,,,,,person_MarkRanslem
10690,Tony Norman,,,,,person_TonyNorman
10691,Allyson N. Carpenter,,,,,person_AllysonNCarpenter
10692,Paul Glicksman,,,,,person_PaulGlicksman
10693,E. Gail Anderson Holness,,,,,person_EGailAndersonHolness
10694,Erling (Erl) Bailey,,,,,person_ErlingErlBailey
10695,John Carlos Green,,,,,person_JohnCarlosGreen
10696,Zahra Jilani,,,,,person_ZahraJilani
10697,Matt Abbruzzese,,,,,person_MattAbbruzzese
10698,Brian Hart,,,,,person_BrianHart
10699,Eric Clifton,,,,,person_EricClifton
10700,Joseph Meier,,,,,person_JosephMeier
10701,Samantha P. Hicks,,,,,person_SamanthaPHicks
10702,"Martis ""Marty"" Davis",,,,,person_MartisMartyDavis
10703,Hector Huezo,,,,,person_HectorHuezo
10704,Bridget Pooley,,,,,person_BridgetPooley
10705,Jose Sueiro,,,,,person_JoseSueiro
10706,Gabriela Mossi,,,,,person_GabrielaMossi
10707,A. Tianna Scozzaro,,,,,person_ATiannaScozzaro
10708,Douglas Ely,,,,,person_DouglasEly
10709,Elham Dehbozorgi,,,,,person_ElhamDehbozorgi
10710,Alan Gambrell,,,,,person_AlanGambrell
10711,Raymond Mosley,,,,,person_RaymondMosley
10712,William (Billy) Simpson,,,,,person_WilliamBillySimpson
10713,Brendan Reardon,,,,,person_BrendanReardon
10714,Jake Grubman,,,,,person_JakeGrubman
10715,Wilson Reynolds,,,,,person_WilsonReynolds
10716,"Chris ""Ward One"" Otten",,,,,person_ChrisWardOneOtten
10717,Jimmy R. Rock,,,,,person_JimmyRRock
10718,Amanda Fox Perry,,,,,person_AmandaFoxPerry
10719,Jonmarc P. Buffa,,,,,person_JonmarcPBuffa
10720,Frank O. Agbro,,,,,person_FrankOAgbro
10721,Yasmin Romero-Castillo,,,,,person_YasminRomeroCastillo
10722,Adam Hoey,,,,,person_AdamHoey
10723,Alex Hastie,,,,,person_AlexHastie
10724,Capree Bell,,,,,person_CapreeBell
10725,Paul Karrer,,,,,person_PaulKarrer
10726,Benjamin Mann,,,,,person_BenjaminMann
10727,Leila Corcoran,,,,,person_LeilaCorcoran
10728,Phil Greiner,,,,,person_PhilGreiner
10729,Rosa Rivas,,,,,person_RosaRivas
10730,Janina Olarte Quilacio,,,,,person_JaninaOlarteQuilacio
10731,Arturo Griffiths,,,,,person_ArturoGriffiths
10732,China Terrell,,,,,person_ChinaTerrell
10733,Ilana Harrus,,,,,person_IlanaHarrus
10734,Stuart Karaffa,,,,,person_StuartKaraffa
10735,David M. Lehrman,,,,,person_DavidMLehrman
10736,Rebecca Coder,,,,,person_RebeccaCoder
10737,Asher Corson,,,,,person_AsherCorson
10738,Marco Guzman,,,,,person_MarcoGuzman
10739,Matthew Chwastek,,,,,person_MatthewChwastek
10740,Armando Irizarry,,,,,person_ArmandoIrizarry
10741,Thomas B. Martin,,,,,person_ThomasBMartin
10742,Elena V. Son,,,,,person_ElenaVSon
10743,Graham Michael Galka,,,,,person_GrahamMichaelGalka
10744,Florence E. Harmon,,,,,person_FlorenceEHarmon
10745,Jackson Carnes,,,,,person_JacksonCarnes
10746,Mike Feldstein,,,,,person_MikeFeldstein
10747,Amy Johnson,,,,,person_AmyJohnson
10748,Kevin O'Connor,,,,,person_KevinOConnor
10749,Jonathan Padget,,,,,person_JonathanPadget
10750,Bevan Mace,,,,,person_BevanMace
10751,Stephanie Maltz,,,,,person_StephanieMaltz
10752,Lucky Barbieri,,,,,person_LuckyBarbieri
10753,Vincent E. Slatt,https://twitter.com/vincente_2b03,,,,person_VincentESlatt
10755,Martin Espinoza,,,,,person_MartinEspinoza
10756,Stephanie Sheridan,,,,,person_StephanieSheridan
10757,Michael Upright,,,,,person_MichaelUpright
10758,Nick Delle Donne,,,,,person_NickDelleDonne
10759,Victor Wexler,,,,,person_VictorWexler
10760,Abigail C. Nichols,,,,,person_AbigailCNichols
10761,Jonathan Jagoda,,,,,person_JonathanJagoda
10762,Teal Baker,,,,,person_TealBaker
10763,Leo Dwyer,,,,,person_LeoDwyer
10764,Justine Underhill,,,,,person_JustineUnderhill
10765,John Kupcinski,,,,,person_JohnKupcinski
10766,Will Stephens,,,,,person_WillStephens
10767,Nicole Mann,,,,,person_NicoleMann
10768,Robert Sinners,,,,,person_RobertSinners
10769,Noah Smith,,,,,person_NoahSmith
10770,Scott Davies,,,,,person_ScottDavies
10771,John Tinpe,,,,,person_JohnTinpe
10772,Harold A. Closter,,,,,person_HaroldACloster
10773,Theresa Harrison,,,,,person_TheresaHarrison
10774,Jeffrey Higgins,,,,,person_JeffreyHiggins
10775,Eric Lamar,,,,,person_EricLamar
10776,Ellen Goldstein,,,,,person_EllenGoldstein
10777,Rick Guinee,,,,,person_RickGuinee
10778,Ed Solomon,,,,,person_EdSolomon
10779,Ron Lewis,,,,,person_RonLewis
10780,Jeffrey L. Jones,,,,,person_JeffreyLJones
10781,Greg Miller,,,,,person_GregMiller
10782,Bill Starrels,,,,,person_BillStarrels
10783,Tom Birch,,,,,person_TomBirch
10784,Jim Wilcox,,,,,person_JimWilcox
10785,"Charles F. Eason,  Jr.",,,,,person_CharlesFEasonJr
10786,Eleanor (Ellie) Budic,,,,,person_EleanorEllieBudic
10787,Monica L. Roaché,,,,,person_MonicaLRoaché
10788,Peter Prindiville,,,,,person_PeterPrindiville
10789,Zachary Schroepfer,,,,,person_ZacharySchroepfer
10790,Peter Lallas,,,,,person_PeterLallas
10791,Katherine Gordon,,,,,person_KatherineGordon
10792,Casey Root,,,,,person_CaseyRoot
10793,Adam L. Stempel,,,,,person_AdamLStempel
10794,James Baker,,,,,person_JamesBaker
10795,Walt Cain,,,,,person_WaltCain
10796,Karin Berry,,,,,person_KarinBerry
10797,Chris Linn,,,,,person_ChrisLinn
10798,Alex J. Graham,,,,,person_AlexJGraham
10799,Pepin Andrew Tuma,,,,,person_PepinAndrewTuma
10800,Tom Alexander,,,,,person_TomAlexander
10801,Joel Heisey,,,,,person_JoelHeisey
10802,Jim Lamare,,,,,person_JimLamare
10803,Omeed Alerasool,,,,,person_OmeedAlerasool
10804,Greg Melcher,,,,,person_GregMelcher
10805,Charlie Bengel,,,,,person_CharlieBengel
10806,Danielle W. Pierce,,,,,person_DanielleWPierce
10807,Matt Raymond,,,,,person_MattRaymond
10808,Howard S. Marks,,,,,person_HowardSMarks
10809,Matthew Connolly,,,,,person_MatthewConnolly
10810,Kevin Deeley,,,,,person_KevinDeeley
10811,Kevin Wenzel,,,,,person_KevinWenzel
10812,Joe Fiorillo,,,,,person_JoeFiorillo
10813,Charles Cinque Fulwood,,,,,person_CharlesCinqueFulwood
10814,Abigail Zenner,,,,,person_AbigailZenner
10815,Brian A. Cohen,,,,,person_BrianACohen
10816,J. P. Montalvan,,,,,person_JPMontalvan
10817,John Grill,,,,,person_JohnGrill
10818,Gwendolyn Bole,,,,,person_GwendolynBole
10819,Peter W. Brusoe,,,,,person_PeterWBrusoe
10820,Jeffrey Kaliel,,,,,person_JeffreyKaliel
10821,Kevin Michael Wheatley,,,,,person_KevinMichaelWheatley
10822,David S. Valdez,,,,,person_DavidSValdez
10823,Jessica Wasserman,,,,,person_JessicaWasserman
10824,Richard Steacy,,,,,person_RichardSteacy
10825,Margaret A. Siegel,,,,,person_MargaretASiegel
10826,Emma Hersh,,,,,person_EmmaHersh
10827,Carl Roller,,,,,person_CarlRoller
10828,Victor Silveira,,,,,person_VictorSilveira
10829,Catherine May,,,,,person_CatherineMay
10830,Chaz Rotenberg,,,,,person_ChazRotenberg
10831,Malia N. Brink,,,,,person_MaliaNBrink
10832,Marilyn V. Sheneman,,,,,person_MarilynVSheneman
10833,Bob Ward,,,,,person_BobWard
10834,Kent Slowinski,,,,,person_KentSlowinski
10835,Michael Mazzuchi,,,,,person_MichaelMazzuchi
10836,Benjamin Tessler,,,,,person_BenjaminTessler
10837,William Spence Spencer,,,,,person_WilliamSpenceSpencer
10838,Tom Smith,,,,,person_TomSmith
10839,Nan S. Wells,,,,,person_NanSWells
10840,Gretchen M. Randolph,,,,,person_GretchenMRandolph
10841,Holmes Whalen,,,,,person_HolmesWhalen
10842,Joe Green,,,,,person_JoeGreen
10843,Stu Ross,,,,,person_StuRoss
10844,Jameson Paul Freeman,,,,,person_JamesonPaulFreeman
10845,W. Philip Thomas,,,,,person_WPhilipThomas
10846,Alma H. Gates,,,,,person_AlmaHGates
10847,Gordon Kit,,,,,person_GordonKit
10848,Heather Gustafson,,,,,person_HeatherGustafson
10849,Stephen Gardner,,,,,person_StephenGardner
10850,Michael Gold,,,,,person_MichaelGold
10851,Gayle Trotter,,,,,person_GayleTrotter
10852,Kerron Purchess,,,,,person_KerronPurchess
10853,Conrad J. Dewitte Jr.,,,,,person_ConradJDewitteJr
10854,Joe Wisniewski,,,,,person_JoeWisniewski
10855,Silvia Lucero,,,,,person_SilviaLucero
10856,Elizabeth S. Haile,,,,,person_ElizabethSHaile
10857,Anne Wallace,,,,,person_AnneWallace
10858,Kathleen Sweetapple,,,,,person_KathleenSweetapple
10859,Matthew Frumin,,,,,person_MatthewFrumin
10860,Elizabeth Callanan Mitchell,,,,,person_ElizabethCallananMitchell
10861,Sandy Shapiro,,,,,person_SandyShapiro
10862,Samuel J. Serebin,,,,,person_SamuelJSerebin
10863,Ed Mcallister,,,,,person_EdMcallister
10864,Joan Silver,,,,,person_JoanSilver
10865,Adam Scott Tope,,,,,person_AdamScottTope
10866,David Dickinson,,,,,person_DavidDickinson
10867,Karen Perry,,,,,person_KarenPerry
10868,Brett Grindrod,,,,,person_BrettGrindrod
10869,Shirley Adelstein,,,,,person_ShirleyAdelstein
10870,Dave Donaldson,,,,,person_DaveDonaldson
10871,Mary Beth Ray,,,,,person_MaryBethRay
10872,John Wilson Jr.,,,,,person_JohnWilsonJr
10873,Sally W. Gresham,,,,,person_SallyWGresham
10874,Manolis R. Priniotakis,,,,,person_ManolisRPriniotakis
10875,Megan N. Rosan,,,,,person_MeganNRosan
10876,David Solorzano Lowell,,,,,person_DavidSolorzanoLowell
10877,Malachy Nugent,,,,,person_MalachyNugent
10878,William J. Sittig,,,,,person_WilliamJSittig
10879,Bob Summersgill,,,,,person_BobSummersgill
10880,Patrick Jakopchek,,,,,person_PatrickJakopchek
10881,"Carolyn ""Callie"" Cook",,,,,person_CarolynCallieCook
10882,Brian Oliver,,,,,person_BrianOliver
10883,Gary Thompson,,,,,person_GaryThompson
10884,Allen E. Beach,,,,,person_AllenEBeach
10885,David Engel,,,,,person_DavidEngel
10886,Peter Shapiro,,,,,person_PeterShapiro
10887,Deean Rubin,,,,,person_DeeanRubin
10888,Jim McCarthy,,,,,person_JimMcCarthy
10889,Allen Seeber,,,,,person_AllenSeeber
10890,Henry Griffin,,,,,person_HenryGriffin
10891,Jonathan T. Chu,,,,,person_JonathanTChu
10892,Sandra Thomas,,,,,person_SandraThomas
10893,Sandra Brown Gage,,,,,person_SandraBrownGage
10894,Acqunetta Anderson,,,,,person_AcqunettaAnderson
10895,Karl Kennedy,,,,,person_KarlKennedy
10896,Douglass Sloan,,,,,person_DouglassSloan
10897,Dwayne M. Toliver,,,,,person_DwayneMToliver
10898,Iris Parks,,,,,person_IrisParks
10899,Rosemary Suggs-Evans,,,,,person_RosemarySuggsEvans
10900,Marian C. Bennett,,,,,person_MarianCBennett
10901,Michael Bethea,,,,,person_MichaelBethea
10902,Jasmine Byrd,,,,,person_JasmineByrd
10903,Kimberly A. Worthy,,,,,person_KimberlyAWorthy
10904,Deborah Pope,,,,,person_DeborahPope
10905,Kolleen Bouchane,,,,,person_KolleenBouchane
10906,"Stacey ""San"" Lucien",,,,,person_StaceySanLucien
10907,Karrye Y. Braxton,,,,,person_KarryeYBraxton
10908,David Wilson,,,,,person_DavidWilson
10909,Charles E. Onwuche Jr.,,,,,person_CharlesEOnwucheJr
10910,Sara Green,,,,,person_SaraGreen
10911,Andre R. Carley,,,,,person_AndreRCarley
10912,Hashim Coward,,,,,person_HashimCoward
10913,Faith E. Wheeler,,,,,person_FaithEWheeler
10914,Desiree R. Woodard,,,,,person_DesireeRWoodard
10915,"Frank Jones, Iii",,,,,person_FrankJonesIii
10916,Tanya Topolewski,,,,,person_TanyaTopolewski
10917,Fred Grant,,,,,person_FredGrant
10918,Gerald Long Sazon Jr,,,,,person_GeraldLongSazonJr
10919,James J. Sydnor,,,,,person_JamesJSydnor
10920,Ron Harden,,,,,person_RonHarden
10921,Brenda Speaks,,,,,person_BrendaSpeaks
10922,Earl E. Biglow,,,,,person_EarlEBiglow
10923,Yolanda Hughes,,,,,person_YolandaHughes
10924,Ronald (Ron) Austin,,,,,person_RonaldRonAustin
10925,Natalee S. Snider,,,,,person_NataleeSSnider
10926,James D. Gaston III,,,,,person_JamesDGastonIII
10927,Judi Jones,,,,,person_JudiJones
10928,Alice W Gilmore,,,,,person_AliceWGilmore
10929,Yvonne A. Jefferson,,,,,person_YvonneAJefferson
10930,Camille A. Stewart,,,,,person_CamilleAStewart
10931,Barbara Rogers,,,,,person_BarbaraRogers
10932,James W. Thomas,,,,,person_JamesWThomas
10934,Michael Yates,,,,,person_MichaelYates
10935,T. A. Uqdah,,,,,person_TAUqdah
10936,Sean Wieland,,,,,person_SeanWieland
10937,Salina P. Waddy,,,,,person_SalinaPWaddy
10938,Janet M. Myers,,,,,person_JanetMMyers
10939,Joseph Maloney,,,,,person_JosephMaloney
10940,Jeff Standish,,,,,person_JeffStandish
10941,Ashik Siddique,,,,,person_AshikSiddique
10942,Rickey Williams Jr.,,,,,person_RickeyWilliamsJr
10943,Camille Loya,,,,,person_CamilleLoya
10944,Michael Halpern,,,,,person_MichaelHalpern
10945,Joseph M. Vaughan,,,,,person_JosephMVaughan
10947,Benjamin Underwood,,,,,person_BenjaminUnderwood
10948,Adav Noti,,,,,person_AdavNoti
10949,Vann-Di Galloway,,,,,person_VannDiGalloway
10950,Thomas Burnett,,,,,person_ThomasBurnett
10951,Shanel O. Anthony,,,,,person_ShanelOAnthony
10952,Drew Schneider,,,,,person_DrewSchneider
10953,John-Paul C. Hayworth,,,,,person_JohnPaulCHayworth
10954,Karen W. Cooper,,,,,person_KarenWCooper
10955,Kreig Rajaram,,,,,person_KreigRajaram
10956,Timothy A. Jones,,,,,person_TimothyAJones
10957,James Salt,,,,,person_JamesSalt
10958,Jarahn D. Hillsman,,,,,person_JarahnDHillsman
10959,Zachary Hartman,,,,,person_ZacharyHartman
10960,Joseph Martin,,,,,person_JosephMartin
10961,Stephen Marencic Jr.,https://twitter.com/fox___mccloud,,,,person_StephenMarencicJr
10962,Steven Feingold,,,,,person_StevenFeingold
10963,Kathleen M. Crowley,,,,,person_KathleenMCrowley
10964,Alain N. Duroseau,,,,,person_AlainNDuroseau
10965,Lamont Akins,,,,,person_LamontAkins
10966,Melissa Lindsjo,,,,,person_MelissaLindsjo
10967,Nancy E. Roth,,,,,person_NancyERoth
10968,Lisa Colbert,,,,,person_LisaColbert
10969,Donna Brockington,,,,,person_DonnaBrockington
10970,David Sheon,,,,,person_DavidSheon
10971,Valikia R. Newsome,,,,,person_ValikiaRNewsome
10972,Bill Quirk,,,,,person_BillQuirk
10973,Amy Hemingway,,,,,person_AmyHemingway
10974,Patricia Ann Roberts,,,,,person_PatriciaAnnRoberts
10975,Diamond Barbour,,,,,person_DiamondBarbour
10976,Michael Williams,,,,,person_MichaelWilliams
10977,Ben Mossberg,,,,,person_BenMossberg
10978,Adrian T. Jordan,,,,,person_AdrianTJordan
10979,Keisha S. Cofield-Lynch,,,,,person_KeishaSCofieldLynch
10980,Lionell K. Gaines,,,,,person_LionellKGaines
10981,Will Gee,,,,,person_WillGee
10982,Cary Clennon,,,,,person_CaryClennon
10983,Allison Defoe,,,,,person_AllisonDefoe
10984,Earl Mcdermott,,,,,person_EarlMcdermott
10985,"Albrette ""Gigi"" Ransom",,,,,person_AlbretteGigiRansom
10986,Jasmine N. White,,,,,person_JasmineNWhite
10987,A. Jamaal Lampkin,,,,,person_AJamaalLampkin
10988,Angel Sherri Alston,,,,,person_AngelSherriAlston
10989,Christopher D. Gambill,,,,,person_ChristopherDGambill
10990,Shirley Rivens Smith,,,,,person_ShirleyRivensSmith
10991,Timothy Thomas,,,,,person_TimothyThomas
10992,Tiffany Bridge,,,,,person_TiffanyBridge
10993,Michael Ian Morrison,,,,,person_MichaelIanMorrison
10994,Jeff Steen,,,,,person_JeffSteen
10996,John T. Daggett,,,,,person_JohnTDaggett
10997,Rayseen Woodland,,,,,person_RayseenWoodland
10998,Jose (Joe) L. Barrios Jr.,,,,,person_JoseJoeLBarriosJr
10999,Jenese L. Jones,,,,,person_JeneseLJones
11000,Antonette E. Russell,,,,,person_AntonetteERussell
11001,Gretta L. Goodwin,,,,,person_GrettaLGoodwin
11002,Saladin Jeru,,,,,person_SaladinJeru
11003,Henry Coppola,,,,,person_HenryCoppola
11004,Laurence Telson,,,,,person_LaurenceTelson
11005,Karla Butler,,,,,person_KarlaButler
11006,Thomas E. Redmond,,,,,person_ThomasERedmond
11007,Walter Deleon,,,,,person_WalterDeleon
11008,Carlos Dennis Davis,,,,,person_CarlosDennisDavis
11009,Kevin Mullone,,,,,person_KevinMullone
11010,Bob King,,,,,person_BobKing
11011,Leona Redmond,,,,,person_LeonaRedmond
11012,Robert Bob King,,,,,person_RobertBobKing
11013,Robert Looper III,,,,,person_RobertLooperIII
11014,Carolyn A. Robinson,,,,,person_CarolynARobinson
11015,Roderick L. Johnson,,,,,person_RoderickLJohnson
11016,"Bernice ""BB"" Young",,,,,person_BerniceBBYoung
11017,Sumner Shaw Jr.,,,,,person_SumnerShawJr
11018,Nicole Goines,,,,,person_NicoleGoines
11019,Regina James,,,,,person_ReginaJames
11020,Flanders Sharp,,,,,person_FlandersSharp
11021,Michelle A. Bundy,,,,,person_MichelleABundy
11022,Marjorie D. Thomas-Barnes,,,,,person_MarjorieDThomasBarnes
11023,Mercile Banks,,,,,person_MercileBanks
11024,Monique C. Smith,,,,,person_MoniqueCSmith
11025,Lamonica Jeffrey,,,,,person_LamonicaJeffrey
11026,Nolan Treadway,,,,,person_NolanTreadway
11027,Patricia Brown-Daniels,,,,,person_PatriciaBrownDaniels
11028,Shelly Gardner,,,,,person_ShellyGardner
11029,Yolanda Odunsi,,,,,person_YolandaOdunsi
11030,Luke Cieslewicz,,,,,person_LukeCieslewicz
11031,Peta-Gay Lewis,,,,,person_PetaGayLewis
11032,Vonetta Dumas,,,,,person_VonettaDumas
11033,Darlene T. Miles-Harrison,,,,,person_DarleneTMilesHarrison
11034,India A. Henderson,,,,,person_IndiaAHenderson
11035,Adam Roberts,,,,,person_AdamRoberts
11036,Troy Watson,,,,,person_TroyWatson
11037,"Vincent ""Sasquatch"" Coles",,,,,person_VincentSasquatchColes
11038,Darlene Glymph,,,,,person_DarleneGlymph
11039,Rodney Marcella Burton,,,,,person_RodneyMarcellaBurton
11041,Walter Teddy Largent Jr,,,,,person_WalterTeddyLargentJr
11042,Tina Laskaris,,,,,person_TinaLaskaris
11043,George Jackson,,,,,person_GeorgeJackson
11044,H. Yvonne Buggs,,,,,person_HYvonneBuggs
11045,Yoomie Huynh,,,,,person_YoomieHuynh
11046,Jason E. Burkett,,,,,person_JasonEBurkett
11047,Romello Goodman,,,,,person_RomelloGoodman
11048,David Hooper,,,,,person_DavidHooper
11049,Jaime S. Fearer,,,,,person_JaimeSFearer
11050,Debbie Smith-Steiner,,,,,person_DebbieSmithSteiner
11051,William Boston,,,,,person_WilliamBoston
11052,Eddie Garnett,,,,,person_EddieGarnett
11053,"Christy ""Love"" Davis",,,,,person_ChristyLoveDavis
11054,Dona Farris Jenkins,,,,,person_DonaFarrisJenkins
11055,Linda D. Lee,,,,,person_LindaDLee
11056,Tim Clark,,,,,person_TimClark
11057,Alex Marco Underwood,,,,,person_AlexMarcoUnderwood
11058,Nes Robinson,,,,,person_NesRobinson
11059,Renee T. Lewis,,,,,person_ReneeTLewis
11060,Hannah R. Powell,,,,,person_HannahRPowell
11061,Michael Aiello,,,,,person_MichaelAiello
11062,Eugene Sims,,,,,person_EugeneSims
11063,Adam Duffy,,,,,person_AdamDuffy
11064,Shannon Lynch,,,,,person_ShannonLynch
11065,Shelley A. Vinyard,,,,,person_ShelleyAVinyard
11066,Joyce (Statehood) Robinson-Paul,,,,,person_JoyceStatehoodRobinsonPaul
11067,Miles S. Holloman,,,,,person_MilesSHolloman
11068,Chad Hrdina,,,,,person_ChadHrdina
11069,"Teri Janine ""Tj"" Quinn",,,,,person_TeriJanineTjQuinn
11070,W.  Hugh Youngblood,,,,,person_WHughYoungblood
11071,Katherine McClelland,,,,,person_KatherineMcClelland
11072,Patricia (Pat) Mitchell,,,,,person_PatriciaPatMitchell
11073,Betsy McDaniel,,,,,person_BetsyMcDaniel
11074,Eric Jenkins,,,,,person_EricJenkins
11075,Wanda B. Foster,,,,,person_WandaBFoster
11076,Aravind Muthukrishnan,,,,,person_AravindMuthukrishnan
11077,Serita Sanders,,,,,person_SeritaSanders
11078,Mark Mueller,,,,,person_MarkMueller
11079,Austin L. Pearl,,,,,person_AustinLPearl
11080,Horacio Sierra,,,,,person_HoracioSierra
11081,Ronald Brooks (Boone),,,,,person_RonaldBrooksBoone
11082,Rae Sullivan,,,,,person_RaeSullivan
11083,Sam Bonar,,,,,person_SamBonar
11084,Angela C. Blanks,,,,,person_AngelaCBlanks
11085,Michael J. Henderson,,,,,person_MichaelJHenderson
11086,J. Omar Mahmud,,,,,person_JOmarMahmud
11087,Andy Clark,,,,,person_AndyClark
11088,Raphael V. Marshall,,,,,person_RaphaelVMarshall
11089,Drew Ronneberg,,,,,person_DrewRonneberg
11090,Gloria Nauden,,,,,person_GloriaNauden
11091,David Holmes,,,,,person_DavidHolmes
11092,Ramin Taheri,,,,,person_RaminTaheri
11093,Nick Alberti,,,,,person_NickAlberti
11094,Matt Levy,,,,,person_MattLevy
11095,Jay Williams,,,,,person_JayWilliams
11096,Hassan Christian,,,,,person_HassanChristian
11097,Patrick Malone,,,,,person_PatrickMalone
11098,Yair Inspektor,,,,,person_YairInspektor
11099,Alan Chargin,,,,,person_AlanChargin
11100,Andrew J Hysell,,,,,person_AndrewJHysell
11101,Todd Sloves,,,,,person_ToddSloves
11102,Peter Grant,,,,,person_PeterGrant
11103,"Necothia ""Nikki"" Bowens",,,,,person_NecothiaNikkiBowens
11104,Benjamin Rosset,,,,,person_BenjaminRosset
11105,Calvin Ward,,,,,person_CalvinWard
11106,Dave Garrison,,,,,person_DaveGarrison
11107,Ivan Frishberg,,,,,person_IvanFrishberg
11108,K. Diane Hoskins,,,,,person_KDianeHoskins
11109,Diane Hoskins,,,,,person_DianeHoskins
11110,Philip Peisch,,,,,person_PhilipPeisch
11111,Randy Steer,,,,,person_RandySteer
11112,Claudia Holwill,,,,,person_ClaudiaHolwill
11113,James M. Loots,,,,,person_JamesMLoots
11114,Kelly Vielmo,,,,,person_KellyVielmo
11115,Brian Pate,,,,,person_BrianPate
11116,Carl B. Reeverts,,,,,person_CarlBReeverts
11117,Ellen Opper-Weiner,,,,,person_EllenOpperWeiner
11118,Steve Hagedorn,,,,,person_SteveHagedorn
11119,Taylor Kuether,,,,,person_TaylorKuether
11120,Chris Harlow,,,,,person_ChrisHarlow
11121,Jared Critchfield,,,,,person_JaredCritchfield
11122,Nichole Opkins,,,,,person_NicholeOpkins
11123,Anthony J. Cassillo,,,,,person_AnthonyJCassillo
11124,Nick Burger,,,,,person_NickBurger
11125,Sara Loveland,,,,,person_SaraLoveland
11126,Daniel Chao,,,,,person_DanielChao
11127,Aimee M. Grace,,,,,person_AimeeMGrace
11128,Brian Flahaven,,,,,person_BrianFlahaven
11129,Daniel Ridge,,,,,person_DanielRidge
11130,Kasie Clark,,,,,person_KasieClark
11131,Francis M. Campbell,,,,,person_FrancisMCampbell
11132,Peter Gould,,,,,person_PeterGould
11133,Cam Norris,,,,,person_CamNorris
11134,Daniele Megan Schiffman,,,,,person_DanieleMeganSchiffman
11135,Scott Price,,,,,person_ScottPrice
11136,Mark Kazmierczak,,,,,person_MarkKazmierczak
11137,Chris Miller,,,,,person_ChrisMiller
11138,Chad M. Ernst,,,,,person_ChadMErnst
11139,Shree Chauhan,,,,,person_ShreeChauhan
11140,Tony T. Goodman,,,,,person_TonyTGoodman
11141,Heather Edelman,,,,,person_HeatherEdelman
11143,Donna L Hopkins,,,,,person_DonnaLHopkins
11144,"Dorinda ""Rindi"" White",,,,,person_DorindaRindiWhite
11145,Martin Welles,,,,,person_MartinWelles
11146,Wes Ven Johnson,,,,,person_WesVenJohnson
11147,Damon C. Patton,,,,,person_DamonCPatton
11148,Ed Kaminski,,,,,person_EdKaminski
11149,Stacy Braverman Cloyd,,,,,person_StacyBravermanCloyd
11150,Cara Lea Shockley,,,,,person_CaraLeaShockley
11151,Ron McBee,,,,,person_RonMcBee
11152,Rachel Reilly Carroll,,,,,person_RachelReillyCarroll
11153,Ron Collins,,,,,person_RonCollins
11154,Grace E. Daughtridge,,,,,person_GraceEDaughtridge
11155,Roger Moffatt,,,,,person_RogerMoffatt
11156,Dana Lutenegger,,,,,person_DanaLutenegger
11157,Katelynd Mahoney,,,,,person_KatelyndMahoney
11158,Rebekah Caruthers,,,,,person_RebekahCaruthers
11159,Anthony Dale,https://twitter.com/comnrdale,,,,person_AnthonyDale
11160,David Garber,,,,,person_DavidGarber
11161,Josh Hart,,,,,person_JoshHart
11162,Meredith Fascett,,,,,person_MeredithFascett
11163,Td Stanger,,,,,person_TdStanger
11164,Brant J. Miller,https://twitter.com/brant2f07,,,,person_BrantJMiller
11165,Patrick Witte,,,,,person_PatrickWitte
11166,Kevin Chapple,,,,,person_KevinChapple
11167,Leroy Joseph Thorpe Jr.,,,,,person_LeroyJosephThorpeJr
11168,Martin Moulton,,,,,person_MartinMoulton
11169,Kennith James,,,,,person_KennithJames
11170,Clyde H. Brown,,,,,person_ClydeHBrown
11171,Lily Roberts,,,,,person_LilyRoberts
11172,Mohammed Seid,,,,,person_MohammedSeid
11173,Phil Tsolakidis,,,,,person_PhilTsolakidis
11174,Sterlicia Rodney,,,,,person_SterliciaRodney
11175,David Jaffe,,,,,person_DavidJaffe
11176,Marge Maceda,,,,,person_MargeMaceda
11177,Matthew Kozey,,,,,person_MatthewKozey
11178,Mark Dixon,,,,,person_MarkDixon
11179,Antonio D. Barnes,,,,,person_AntonioDBarnes
11180,Alfreda S. Judd,,,,,person_AlfredaSJudd
11181,Connell Wise,,,,,person_ConnellWise
11182,Rosemary A. Segero,,,,,person_RosemaryASegero
11183,Debra Walker,,,,,person_DebraWalker
11184,Zina D. Williams,,,,,person_ZinaDWilliams
11185,Gary E. Butler,,,,,person_GaryEButler
11186,Phillip J. Hammond,,,,,person_PhillipJHammond
11187,Robin Hammond Marlin,,,,,person_RobinHammondMarlin
11188,Toya S. Carmichael,,,,,person_ToyaSCarmichael
11189,Robert A. Jordan,,,,,person_RobertAJordan
11190,Donovan Anderson,,,,,person_DonovanAnderson
11191,Mark Chisholm,,,,,person_MarkChisholm
11192,Eric M. Rogers,,,,,person_EricMRogers
11193,Robert T. (Bob) Richards,,,,,person_RobertTBobRichards
11194,Marcus Turner,,,,,person_MarcusTurner
11195,Jimmie Williams,,,,,person_JimmieWilliams
11196,Jewel Stroman,,,,,person_JewelStroman
11197,Nyasha Jayei Harley,,,,,person_NyashaJayeiHarley
11198,Aaron Watkins,,,,,person_AaronWatkins
11199,Gregori Stewart,,,,,person_GregoriStewart
11200,Elizabeth B Hall,,,,,person_ElizabethBHall
11201,Mary C. Morgan,,,,,person_MaryCMorgan
11202,Dejuan George,,,,,person_DejuanGeorge
11203,Lawrence Bryant Davin,,,,,person_LawrenceBryantDavin
11204,Rich Parker,,,,,person_RichParker
11205,Antonio Johnson,,,,,person_AntonioJohnson
11206,"Walter J. Garcia, Ii",,,,,person_WalterJGarciaIi
11207,Alex Bess,,,,,person_AlexBess
11208,Joseph C. Thomas,,,,,person_JosephCThomas
11209,Sherrie Lawson,,,,,person_SherrieLawson
11210,Jennifer K. Cosby,,,,,person_JenniferKCosby
11211,Didier Sinisterra,,,,,person_DidierSinisterra
11212,"Kone, Keith L",,,,,person_KoneKeithL
11213,Muriel Chambers Weathington,,,,,person_MurielChambersWeathington
11214,Darlene Williams,,,,,person_DarleneWilliams
11215,Alexis Payne,,,,,person_AlexisPayne
11216,Lisa White,,,,,person_LisaWhite
11217,Veronica E. Raglin,,,,,person_VeronicaERaglin
11218,Bob Coomber,,,,,person_BobCoomber
11219,Meredith Holmgren,,,,,person_MeredithHolmgren
11220,Donna R. Muhammad,,,,,person_DonnaRMuhammad
11221,Matinah Muhammad,,,,,person_MatinahMuhammad
11222,Peter Espenschied,,,,,person_PeterEspenschied
11223,Jo-Anne Prue,,,,,person_JoAnnePrue
11224,Claude B. Mckay,,,,,person_ClaudeBMckay
11225,Mysiki Valentine,,,,,person_MysikiValentine
11226,Jamila K. Yore,,,,,person_JamilaKYore
11227,Janis D. Hazel,,,,,person_JanisDHazel
11228,Liz Pecot,,,,,person_LizPecot
11229,Ericka S. Black,,,,,person_ErickaSBlack
11230,Sherice A. Muhammad,,,,,person_ShericeAMuhammad
11231,Antonio Cadogan Jr.,,,,,person_AntonioCadoganJr
11232,Willie Woods Jr.,,,,,person_WillieWoodsJr
11233,Justin A. Lini,,,,,person_JustinALini
11234,George B. Browne Jr,,,,,person_GeorgeBBrowneJr
11236,"Benjamin E. Thomas, Sr.",,,,,person_BenjaminEThomasSr
11237,Diona Lane,,,,,person_DionaLane
11238,"Christopher ""Doc"" Hershey",,,,,person_ChristopherDocHershey
11240,Rosa A. Hamlett,,,,,person_RosaAHamlett
11241,Wyna Russell,,,,,person_WynaRussell
11242,Mary D. Jackson,,,,,person_MaryDJackson
11243,Myron Smith,,,,,person_MyronSmith
11244,"Takiyah ""T.N."" Tate",,,,,person_TakiyahTNTate
11245,Norman T. Dais,,,,,person_NormanTDais
11246,Jean M. McVea,,,,,person_JeanMMcVea
11247,Lesil Farrakhan,,,,,person_LesilFarrakhan
11248,Rochelle Ac Bent,,,,,person_RochelleAcBent
11249,Ashley Emerson,,,,,person_AshleyEmerson
11250,David Alaga,,,,,person_DavidAlaga
11251,Maxine Nightingale,,,,,person_MaxineNightingale
11252,Adrian J. Polite,,,,,person_AdrianJPolite
11253,Dontrell A. Smith,,,,,person_DontrellASmith
11254,Lakeshia Lloyd-Lee,,,,,person_LakeshiaLloydLee
11255,Jarni Pina,,,,,person_JarniPina
11257,Linda M. Holmes,,,,,person_LindaMHolmes
11258,La Shawn Scott,,,,,person_LaShawnScott
11259,E. Enoh,,,,,person_EEnoh
11260,Evie Washington,,,,,person_EvieWashington
11261,Edward Rhodes,,,,,person_EdwardRhodes
11262,Stephanie L. Perry,,,,,person_StephanieLPerry
11263,David Belt,,,,,person_DavidBelt
11264,Gia Stancell,,,,,person_GiaStancell
11265,Maria (Mafe) Jackson,,,,,person_MariaMafeJackson
11266,Eboni-Rose Thompson,,,,,person_EboniRoseThompson
11267,Angeleah Jamison,,,,,person_AngeleahJamison
11268,Charlene Exum,,,,,person_CharleneExum
11269,"Yolanda ""Yo Yo"" Armstrong",,,,,person_YolandaYoYoArmstrong
11270,Pauletta Holloway-Essiam,,,,,person_PaulettaHollowayEssiam
11271,Steve L. Wilson,,,,,person_SteveLWilson
11272,P. Irene Jones,,,,,person_PIreneJones
11273,"Andrew ""Andy"" Pulsirisaroth",,,,,person_AndrewAndyPulsirisaroth
11274,Randi K. Powell,,,,,person_RandiKPowell
11275,L. Yvonne (L.Y.) Moore,,,,,person_LYvonneLYMoore
11276,Cynthia W. Simms,,,,,person_CynthiaWSimms
11277,Charles E. Wilson,,,,,person_CharlesEWilson
11278,Jeremy J. Phillips,,,,,person_JeremyJPhillips
11279,Mike Jones,,,,,person_MikeJones
11280,Latasha Nicole Gunnels,,,,,person_LatashaNicoleGunnels
11282,Kendall J. Graham,,,,,person_KendallJGraham
11283,Stephen Cooke,,,,,person_StephenCooke
11284,Tina L. Fletcher,,,,,person_TinaLFletcher
11285,"Akili ""Gil"" West",,,,,person_AkiliGilWest
11286,James Isreal,,,,,person_JamesIsreal
11287,Jason Anderson,,,,,person_JasonAnderson
11288,Natalie Williams,,,,,person_NatalieWilliams
11289,T'Chaka M. Sapp,,,,,person_TChakaMSapp
11290,Joshua Clark,,,,,person_JoshuaClark
11292,Kevin Vaughan,,,,,person_KevinVaughan
11293,Barbara Jones,,,,,person_BarbaraJones
11294,India Blocker,,,,,person_IndiaBlocker
11295,Gerald Thomas Anekwe,,,,,person_GeraldThomasAnekwe
11296,Jb Shoatz,,,,,person_JbShoatz
11297,Lanet R. Scott,,,,,person_LanetRScott
11298,Mikelle Bassett,,,,,person_MikelleBassett
11299,Mitchell G. Hawkins Iii,,,,,person_MitchellGHawkinsIii
11300,Diag Davenport,,,,,person_DiagDavenport
11301,Louise Thorne,,,,,person_LouiseThorne
11302,Keeon Bassett,,,,,person_KeeonBassett
11303,Jeffrey McCoy,,,,,person_JeffreyMcCoy
11304,"Karen ""Coach"" Lucas",,,,,person_KarenCoachLucas
11305,Kristal Knight,,,,,person_KristalKnight
11306,Alicia Fremling,,,,,person_AliciaFremling
11307,Dion Jordan,,,,,person_DionJordan
11308,Grady Edwards III,,,,,person_GradyEdwardsIII
11309,(Terry) Teresa Stith,,,,,person_TerryTeresaStith
11310,Charles Boston,,,,,person_CharlesBoston
11312,Hilary I. Brown,,,,,person_HilaryIBrown
11313,Sharece Crawford,,,,,person_ShareceCrawford
11314,Derrick Colbert,,,,,person_DerrickColbert
11315,Markus Batchelor,,,,,person_MarkusBatchelor
11316,David Jones,,,,,person_DavidJones
11317,Davina Callahan,,,,,person_DavinaCallahan
11318,Lloyd T. Logan,,,,,person_LloydTLogan
11319,Brenda E. Shields,,,,,person_BrendaEShields
11320,W. Cardell Shelton,,,,,person_WCardellShelton
11321,Inez Johnson,,,,,person_InezJohnson
11322,Nella Peterson,,,,,person_NellaPeterson
11324,Pho Palmer,,,,,person_PhoPalmer
11325,Charles L. Lindsay,,,,,person_CharlesLLindsay
11326,M. Jay Lee,,,,,person_MJayLee
11327,Thomas Ruffin Jr.,,,,,person_ThomasRuffinJr
11328,Thea Dyson,,,,,person_TheaDyson
11329,Theresa H. Jones,,,,,person_TheresaHJones
11331,Sean E. Neal,,,,,person_SeanENeal
11333,Marvin S. Lee,,,,,person_MarvinSLee
11334,Maurice Dickens,,,,,person_MauriceDickens
11335,Amanda Beale,https://twitter.com/Abeale202,,,,person_AmandaBeale
11336,Anthony (Jamaal) Dailey,,,,,person_AnthonyJamaalDailey
11337,Jeffrey J. Toney,,,,,person_JeffreyJToney
11338,Debbie Lewis Dykes,,,,,person_DebbieLewisDykes
11339,Andre Towner,,,,,person_AndreTowner
11340,S V Williams,,,,,person_SVWilliams
11341,Deb Felsenthal,https://twitter.com/DebANC1C05,,,,person_DebFelsenthal
11342,Devon Lesesne,https://twitter.com/TheeBlackAnglo,,,,person_DevonLesesne
11343,Charles Cadwell,https://twitter.com/ChasCadwell,,,,person_CharlesCadwell
11344,Howard Bauleke,,,,,person_HowardBauleke
11345,Carlo Perri,https://twitter.com/cperridc,,,,person_CarloPerri
11346,Cimrun Srivastara,,,,,person_CimrunSrivastara
11347,Maxime Devilliers,https://twitter.com/maxdevilliers,,,,person_MaximeDevilliers
11348,Arnav Kumar,,,,,person_ArnavKumar
11349,Alexandra Gianinno,,,,,person_AlexandraGianinno
11350,Tequia Hicks Delgado,,,,,person_TequiaHicksDelgado
11351,Jocelyn Dyer,,,,,person_JocelynDyer
11352,Carole Feld,,,,,person_CaroleFeld
11353,Matt LaFortune,https://twitter.com/mattlafortune,,,https://www.mattlafortune.com/,person_MattLaFortune
11354,Josh Jacobson,https://twitter.com/joshforanc,,,https://joshforanc.com/,person_JoshJacobson
11355,Ashley Schapitl,https://twitter.com/ashleyschapitl,,,,person_AshleySchapitl
11356,Brian Voorhees,,,,,person_BrianVoorhees
11357,Keith Mantel,https://twitter.com/Anc3C08,,,https://anc3c08.com/,person_KeithMantel
11358,Santiago Lakatos,https://twitter.com/Santi4DC,,,,person_SantiagoLakatos
11359,Amanda Gore,,,,,person_AmandaGore
11360,Luc Saint-Genies,https://twitter.com/lucrsaintgenies,,,https://www.lucrsaintgenies.com/,person_LucSaintGenies
11361,Thaddeus Bradley-Lewis,https://twitter.com/Thad3A01,,,,person_ThaddeusBradleyLewis
11362,VJ Kapur,https://twitter.com/vjkapur,,https://facebook.com/vkapur,https://vj4anc.com,person_VJKapur
11363,Tucker Jones,https://twitter.com/tuckcomatus,,,https://www.tuckerfordc.com/,person_TuckerJones
11364,Quentin Colón Roosevelt,https://twitter.com/qcolonroosevelt,,,,person_QuentinColónRoosevelt
11365,Zachary Adams,https://twitter.com/zacheadams,,,,person_ZacharyAdams
11366,Jamie S. Sycamore,https://twitter.com/SycamoreANC,,,,person_JamieSSycamore
11367,Shane Seger,https://twitter.com/shaneseger,,,,person_ShaneSeger
11368,Matthew Bradfield,https://twitter.com/palerider318,,,https://matthewbforanc.blogspot.com/,person_MatthewBradfield
11369,"Wendy ""Hope Dealer"" Hamilton",https://twitter.com/anc8d06,,https://www.facebook.com/RevWendyHamilton,https://www.revwendyhamilton.com/,person_WendyHopeDealerHamilton
11370,Thomas Marabello,https://twitter.com/TomMarabello,,,,person_ThomasMarabello
11371,Jeremy Sherman,,,,,person_JeremySherman
11372,Eric Jonathan Sheptok,,,,,person_EricJonathanSheptok
11373,Carson Robb,,,https://www.facebook.com/carson.robb,https://carsonrobb.com/,person_CarsonRobb
11374,Patrick Clawson,,,,,person_PatrickClawson
11375,Brian J. McCabe,https://twitter.com/ordinarysquares,,,,person_BrianJMcCabe
11376,Willie Doggett,,,,,person_WillieDoggett
11377,Adam J. Prinzo,https://twitter.com/adam3c02,,,,person_AdamJPrinzo
11379,Earle Douglass,,,,,person_EarleDouglass
11380,Rona Walters,,,,,person_RonaWalters
11381,Neena Murphy Martin,,,,,person_NeenaMurphyMartin
11382,Kim Patterson,,,,,person_KimPatterson
11383,Antoine M. Kirby,,,https://www.facebook.com/dr.amkirby,,person_AntoineMKirby
11384,Reginald E. Black Jr.,,,,,person_ReginaldEBlackJr
11385,Michael Velasquez,https://twitter.com/mike_velasquez,,,,person_MichaelVelasquez
11386,Roberta Shapiro,,,,,person_RobertaShapiro
11387,Leslie Merkle,,,,,person_LeslieMerkle
11388,Rasheedah Hasan,,,,,person_RasheedahHasan
11389,Patricia Eguino,https://twitter.com/PatriciaEguino,,,,person_PatriciaEguino
11390,Venola M. Rolle,,,,,person_VenolaMRolle
11391,Ebony Payne,,,,,person_EbonyPayne
11392,Marc Friend,,,,,person_MarcFriend
11393,Michelle Hammond,,,,,person_MichelleHammond
11394,Timothy Howard,,,,,person_TimothyHoward
11395,Obbie English III,,,,,person_ObbieEnglishIII
11396,Clyde Darren Thompson,https://twitter.com/cdarrenthompson,,,,person_ClydeDarrenThompson
11397,Beatrice (Bebe) Evans,,,,,person_BeatriceBebeEvans
11398,Devon Myers,,,,,person_DevonMyers
11399,Elizabeth Carter,,,,,person_ElizabethCarter
11400,Takema Keyes,https://twitter.com/TakemaKeyes,,,,person_TakemaKeyes
11401,Georgette Joy Johnson,,,,,person_GeorgetteJoyJohnson
11402,"Erica ""Go"" Green",,,,,person_EricaGoGreen
11403,Lakiah Williams,,,,,person_LakiahWilliams
11404,Melody Moore,,,,,person_MelodyMoore
11405,Deborah Wells,,,,,person_DeborahWells
11406,Brian Strege,https://twitter.com/stregeanc,,,,person_BrianStrege
11407,Christopher Davis,,,,,person_ChristopherDavis
11408,Margaret Stevens,,,,,person_MargaretStevens
11409,Mimsy Lindner,,,,,person_MimsyLindner
11410,Gawain Kripke,https://twitter.com/gawain4anc,,,,person_GawainKripke
11411,Ryan Cudemus-Brunoli,,,,,person_RyanCudemusBrunoli
11412,Thomas Seidman,,,,,person_ThomasSeidman
11413,Mohamed K. Azab,,,,,person_MohamedKAzab
11414,Christy Kwan,https://twitter.com/kwanimal,,,,person_ChristyKwan
11415,Dexter Williams,,,,,person_DexterWilliams
11416,Sean Holihan,https://twitter.com/SeanHolihan,,,,person_SeanHolihan
11417,Stephen Coleman Kenny,https://twitter.com/s_kenny25,,,,person_StephenColemanKenny
11418,Chris Hart,https://twitter.com/hart6e01,,,https://www.hart4anc.com/,person_ChrisHart
11419,Ashton Rohmer,https://twitter.com/ashtonindc,,,,person_AshtonRohmer
11420,Nandini Sen,https://twitter.com/sen_anc5b02,,https://www.facebook.com/groups/544265580563356/,https://www.anc5b02.com/,person_NandiniSen
11421,China Dickerson,https://twitter.com/BeltwayChina,,,https://www.chinadickerson.com/,person_ChinaDickerson
11422,Mitchell Baer,,,,,person_MitchellBaer
11423,Zurick T. Smith,,,,,person_ZurickTSmith
11424,Karen Livingston,,,,,person_KarenLivingston
11425,Anthony Pirrotti,,,,,person_AnthonyPirrotti
11426,Karlus Cozart,,,,,person_KarlusCozart
11427,George Rice,,,,,person_GeorgeRice
11428,David Sobelsohn,,,,,person_DavidSobelsohn
11429,Zewdi Alem,,,,,person_ZewdiAlem
11430,Tonya Crawford,,,,,person_TonyaCrawford
11431,Dascha Cleckley,,,,,person_DaschaCleckley
11432,Gordon Chaffin,,,,https://linktr.ee/gordonchaffin,person_GordonChaffin
11433,Elan Strait,,,,,person_ElanStrait
11434,Erika Nunez,,,,,person_ErikaNunez
11435,Angela Allison,,,,,person_AngelaAllison
11436,Jim Malec,https://twitter.com/jimmalec,,,,person_JimMalec
11437,Bernard Kramer,,,,,person_BernardKramer
11438,Jordan Nassar,,,,,person_JordanNassar
11439,James Nash,,,,,person_JamesNash
11440,Hayden Gise,https://twitter.com/haydengise,,,https://www.haydengise.com/,person_HaydenGise
11442,Kathy Hudson,,,,,person_KathyHudson
11443,Andrew Koval,https://twitter.com/andrewkoval15,,,https://sites.google.com/view/andrew4anc3f05/home,person_AndrewKoval
11444,T. Michelle Colson,,,,,person_TMichelleColson
11445,M'Bahlia Colson,,,,,person_MBahliaColson
11446,Joy A. Pinkney,,,,,person_JoyAPinkney
11447,Edward Borrego,https://twitter.com/borregoanc5b01,,,,person_EdwardBorrego
11448,"Nicole ""Nikki"" Delcasale",https://twitter.com/nikkidc4anc6a03,,,,person_NicoleNikkiDelcasale
11449,Frank Avery,,,,,person_FrankAvery
11450,"Francis ""Frank"" D'Andrea",,,,https://www.frankd4anc.com/,person_FrancisFrankDAndrea
11451,Vince Mareino,,,,,person_VinceMareino
11452,Carl P. Jordan,,,,,person_CarlPJordan
11453,Shelena Hollinger,,,,,person_ShelenaHollinger
11454,Lacey Cleckley,,,,,person_LaceyCleckley
11455,Veronica Adams,,,,,person_VeronicaAdams
11456,Duane A. Moody,,,,,person_DuaneAMoody
11457,Prokoshia Long,,,,,person_ProkoshiaLong
11458,Nicole McEntee,https://twitter.com/NicoleMcE_5E02,,,,person_NicoleMcEntee
11459,Naprisha Taylor,,,,,person_NaprishaTaylor
11460,Rohin Ghosh,https://twitter.com/RohinGhosh,,,,person_RohinGhosh
11461,Billy Easley,https://twitter.com/billyez2,,,https://www.easleyforanc.com/,person_BillyEasley
11462,Greg Boyd,,,,,person_GregBoyd
11463,Mike McLaughlin,,,,,person_MikeMcLaughlin
11464,Matt Johnson,https://twitter.com/MattFor2B06,,,,person_MattJohnson
11465,Rebecca Strauss,,,,,person_RebeccaStrauss
11466,Hans B. Miller,,,,,person_HansBMiller
11467,Diego Rojas,,,,,person_DiegoRojas
11468,Shawn Nelson,,,,,person_ShawnNelson
11469,J. Peter Loftus,,,,,person_JPeterLoftus
11470,Jill Perry,,,,,person_JillPerry
11471,Víctor de León,,,,,person_VíctordeLeón
11472,Donna Arrendell,,,,,person_DonnaArrendell
11473,Tiye Kinlow,,,,,person_TiyeKinlow
11474,Julie Levy,,,,,person_JulieLevy
11475,Kimberly Little,,,,,person_KimberlyLittle
11476,"Myeasha ""My Ty"" Smith",,,,,person_MyeashaMyTySmith
11477,Shayla Mack,,,,,person_ShaylaMack
11478,Dasia Bandy,,,,,person_DasiaBandy
11479,David R. Rubenstein,,,,,person_DavidRRubenstein
11480,Carl Edgar Rohde III,,,,,person_CarlEdgarRohdeIII
11481,Tricia Duncan,,,,,person_TriciaDuncan
11482,Jeremy Joseph,,,,,person_JeremyJoseph
11483,Marilyn Nowalk,,,,,person_MarilynNowalk
11484,Brittany Kademian,https://twitter.com/kademian87,,,,person_BrittanyKademian
11485,"Fred ""Phil"" Carver",https://twitter.com/fredcarver,,,,person_FredPhilCarver
11486,"Bobby ""Slli'm"" Williams",,,,,person_BobbySllimWilliams
11487,Andrew McCarthy-Clark,https://twitter.com/amccarthyclark,,https://www.facebook.com/amccarthyclark,https://www.andrewfordc.com/,person_AndrewMcCarthyClark
11488,Clayton Aristotle Rosenberg,,,,,person_ClaytonAristotleRosenberg
11489,Joseph Van Wye,https://twitter.com/joevanwye,,,,person_JosephVanWye
11490,Neil Rocklin,,,,,person_NeilRocklin
11491,Matthew Fouracre,,,,,person_MatthewFouracre
11492,H. Norman Knickle,,,,,person_HNormanKnickle
11493,Joan Hoyte,,,,,person_JoanHoyte
11494,Maxine Davis,,,,,person_MaxineDavis
11495,Carson C. Lucarelli,https://twitter.com/cmoney_htx,,,,person_CarsonCLucarelli
11496,Shirley A. Boykins,,,,,person_ShirleyABoykins
11497,Lonita Sheppard,,,,,person_LonitaSheppard
11498,Huma Imtiaz,https://twitter.com/HumaImtiaz5E04,,,,person_HumaImtiaz
11499,Susana Barañano,,,,,person_SusanaBarañano
11500,Ed Comer,,,,https://www.ed4anc2a4.org/,person_EdComer
11501,Josette Barsano,,,,,person_JosetteBarsano
11502,Sranda Watkins,,,,,person_SrandaWatkins
11503,Bernard Horn,,,,,person_BernardHorn
11504,Teri Huet,,,,,person_TeriHuet
11505,Randy Zmuda,https://twitter.com/randyzmuda4anc,,,,person_RandyZmuda
11506,Bob Link,https://twitter.com/Link6D01,,,,person_BobLink
11507,Jamaal Maurice Pearsall,,,,,person_JamaalMauricePearsall
11508,Sherman Hawkins,,,,,person_ShermanHawkins
11509,Robert Loper,,,,,person_RobertLoper
11510,J. Swiderski,https://twitter.com/js_1b07,,,,person_JSwiderski
11511,Zach Ammerman,https://twitter.com/ZachANC5A09,,,,person_ZachAmmerman
11512,David Segall,,,,,person_DavidSegall
11513,Ashleigh Fields,https://twitter.com/ashleighfields_,,,,person_AshleighFields
11514,Lynda Laughlin,https://twitter.com/llaughlin,,,,person_LyndaLaughlin
11515,Steven McCarty,https://twitter.com/stevenfordc,,,,person_StevenMcCarty
11516,Jeffrey Denny,,,,,person_JeffreyDenny
11517,Anna Roblin,,,,,person_AnnaRoblin
11518,Alexandra Kelly,,,,,person_AlexandraKelly
11519,Carrie N. Brown,,,,,person_CarrieNBrown
11520,Maria Johnson,,,,,person_MariaJohnson
11521,Kelly Mikel Williams,,,,,person_KellyMikelWilliams
11522,Harry Quinton,,,,,person_HarryQuinton
11523,Bobbie Lancaster,,,,,person_BobbieLancaster
11524,Aileen Nowlan,,,,,person_AileenNowlan
11525,Nicholas Ide,,,,,person_NicholasIde
11526,Duvalier J. Malone,https://twitter.com/anc5a01,,,,person_DuvalierJMalone
11527,Alicia Egolum,https://twitter.com/Draliciaegolum,,,,person_AliciaEgolum
11528,Stephen Moilanen,,,,,person_StephenMoilanen
11529,Lauren Kuritz,,,,,person_LaurenKuritz
11530,Lindsay Webb,,,,,person_LindsayWebb
11531,Lee Dixon,,,,,person_LeeDixon
11532,Omar Parbhoo,https://twitter.com/omarparbhoo,,,,person_OmarParbhoo
11533,Z Stein,,,,,person_ZStein
11534,Patricia Bencivenga,,,,,person_PatriciaBencivenga
11535,Bill Rubin,,,,,person_BillRubin
11536,Thomas Reiter,,,,,person_ThomasReiter
11537,Peter Lynch,https://twitter.com/petemlynch,,,,person_PeterLynch
11538,Thomas P. DeFranco,,,,,person_ThomasPDeFranco
11539,Misu Tasnim,https://twitter.com/misu_tasnim,,,,person_MisuTasnim
11540,Tom Donohue,,,,,person_TomDonohue
11541,Betty Murray,,,,,person_BettyMurray
11542,Nic Wilson,,,,,person_NicWilson
11543,Rick Murphree,,,,,person_RickMurphree
11544,Jesse Kamzol,,,,,person_JesseKamzol
11545,Kevin Lavezzo,https://twitter.com/KevinLavezzo,,,,person_KevinLavezzo
11546,Zach Naimon,,,,,person_ZachNaimon
11547,Fred Hill,,,,,person_FredHill
11548,Gupi Howie,,,,,person_GupiHowie
11549,Warren Gorlick,https://twitter.com/warren4anc,,,,person_WarrenGorlick
11550,Bridget Schwartz,https://twitter.com/bridgets_dc,,https://www.facebook.com/BridgetANC3F06,https://bridgetanc3f06.org/,person_BridgetSchwartz
11551,Jonathan La Broi,,,,,person_JonathanLaBroi
11552,Kevin Gilligan,https://twitter.com/kevingilliganDC,,,,person_KevinGilligan
11553,Stefan A. Nagey,,,,,person_StefanANagey
11554,Kyle Kelly,,,,,person_KyleKelly
11555,Peggy Pacy,,,,,person_PeggyPacy
11556,Rebecca Ryan,https://twitter.com/rebeccaryan5d01,,,,person_RebeccaRyan
11557,Aru Sahni,https://twitter.com/aru5f02,https://dmv.community/@aru,,,person_AruSahni
11558,Mark Galvan,https://twitter.com/markforanc5f04,,,,person_MarkGalvan
11559,Jennifer Anderson,https://twitter.com/JenForANC,,,,person_JenniferAnderson
11560,Bruce Levine,,,,,person_BruceLevine
11561,Pauline B. Scott,,,,,person_PaulineBScott
11562,Patricia Williams (Ward 7),,,,,person_PatriciaWilliamsWard7
11563,Malik M. Lloyd,,,,,person_MalikMLloyd
11564,David Ford,,,,,person_DavidFord
11565,George Reid,,,,,person_GeorgeReid
11566,Joyce M. Doyle,,,,,person_JoyceMDoyle
11567,Ben Callanan,,,,,person_BenCallanan
11568,Wilma B.Y. Jones,,,,,person_WilmaBYJones
11569,Hannah Grigg,,,,,person_HannahGrigg
11570,Sheena Berry,,,,,person_SheenaBerry
11571,Ana Elizabeth Guzman,,,,,person_AnaElizabethGuzman
11572,Justin Daniels,,,,,person_JustinDaniels
11573,Tammy Gordon,https://twitter.com/tammy,,,,person_TammyGordon
11574,Christopher J. Rosier,,,,,person_ChristopherJRosier
11575,Daniel Alexander,https://twitter.com/danator,,,,person_DanielAlexander
11576,Antonio A. Walker,,,,,person_AntonioAWalker
11577,Aman George,,,,,person_AmanGeorge
11578,Carla Ferris,,,,,person_CarlaFerris
11579,Justine Perkowski,https://twitter.com/JPforANC5B07,,,,person_JustinePerkowski
11580,Kevin Rapp,,,,,person_KevinRapp
11581,Daniel Vega,,,,,person_DanielVega
11582,Joe Bishop-Henchman,https://twitter.com/joe5f6,,,,person_JoeBishopHenchman
11583,Kasie Durkit,,,,,person_KasieDurkit
11584,Katrina Norman,,,,,person_KatrinaNorman
11585,Allyson Carpenter,,,,,person_AllysonCarpenter
11586,Deloris Walker,,,,,person_DelorisWalker
11587,Makeeya Hazelton,https://twitter.com/makeeyaanc8f04,,,,person_MakeeyaHazelton
11588,Brian A. Glover,,,,,person_BrianAGlover
11589,Anthony Barnes,,,,,person_AnthonyBarnes
11590,Bruce Sherman,,,,,person_BruceSherman
11591,Glenn Kellogg,,,,,person_GlennKellogg
11592,Roric McCorristin,https://twitter.com/roricmcc,,,,person_RoricMcCorristin
11593,Courtney Carlson,,,,,person_CourtneyCarlson
11594,J. Clark Weigel,,,,,person_JClarkWeigel
11595,Elaine Alston,,,,,person_ElaineAlston
11596,Michele Keegan,https://twitter.com/MKeegan_5F07,,,,person_MicheleKeegan
11597,Christina Goodlander,,,,,person_ChristinaGoodlander
11598,Ila Anita Flannigan,,,,,person_IlaAnitaFlannigan
11599,Ivan Taylor Jr.,,,,,person_IvanTaylorJr
11600,Jacob A. Miller,,,,,person_JacobAMiller
11601,Caroline Zagraniczny,,,,,person_CarolineZagraniczny
11602,Zachary Ferguson,,,,,person_ZacharyFerguson
11603,Addison Sarter,,,,,person_AddisonSarter
11604,Paula Y. Edwards,,,,,person_PaulaYEdwards
11605,Alphonse Canata,,,,,person_AlphonseCanata
11606,Michael Cohen,https://twitter.com/CohenANC4B07,,,,person_MichaelCohen
11607,Mariko Meyer,,,,,person_MarikoMeyer
11608,Richard McLaughlin,,,,,person_RichardMcLaughlin
11609,Carrie Dellesky,https://twitter.com/DelleskyANC5D06,,,,person_CarrieDellesky
11610,Juan McCullum,,,,,person_JuanMcCullum
11611,Tony Hurst,,,,,person_TonyHurst
11612,Jacob C. Brown,,,,,person_JacobCBrown
11613,Thomas S. Lee,,,,,person_ThomasSLee
11614,Rick Nash,,,,,person_RickNash
11615,Audrey Walker,,,,,person_AudreyWalker
11616,Kate Judson,https://twitter.com/katejudson,,,,person_KateJudson
11617,Kéthia Clairvoyant,,,,,person_KéthiaClairvoyant
11618,Juanita Holsendorff,,,,,person_JuanitaHolsendorff
11619,Beverly F. Smith,,,,,person_BeverlyFSmith
11620,Matthew Coleman,,,,,person_MatthewColeman
11621,Reid May,https://twitter.com/ReidJMay,,,,person_ReidMay
11622,Christopher Dyer,https://twitter.com/christopherjdye,,,,person_ChristopherDyer
11623,Ahmad Abu-Khalaf,https://twitter.com/Ahmad_AbuKhalaf,,,,person_AhmadAbuKhalaf
11624,Barney R. Shapiro,,,,,person_BarneyRShapiro
11625,Paul Maysak,,,,,person_PaulMaysak
11626,Danny Kedem,https://twitter.com/kedemdanny,,,,person_DannyKedem
11627,Charlotte Lewis,,,,,person_CharlotteLewis
11628,Mark Randolph,,,,,person_MarkRandolph
11629,Vanessa Brooks,,,,,person_VanessaBrooks
11630,Homer L. Thomas,,,,,person_HomerLThomas
11631,Mike Kwan,https://twitter.com/myko2028,,,,person_MikeKwan
11632,Christina A. Tillman,https://twitter.com/lipnation_media,,,,person_ChristinaATillman
11633,Octavais Brown,,,,,person_OctavaisBrown
11634,Brianne Eby,https://twitter.com/brianne_eby,,,,person_BrianneEby
11635,Bradley Gallagher,https://twitter.com/bngallagher,,,,person_BradleyGallagher
11636,Michael Lederman,,,https://www.facebook.com/michael.lederman.7,,person_MichaelLederman
11637,Gary Decker,,,,,person_GaryDecker
11638,Kim Mitchell,,,,,person_KimMitchell
11639,Rohan Patel,,,,,person_RohanPatel
11640,Joe Florio,,,,,person_JoeFlorio
11641,Judy Havemann,,,,,person_JudyHavemann
11642,Charles Panfil,https://twitter.com/charlesforanc,,,,person_CharlesPanfil
11643,Krystal Bagley,,,,,person_KrystalBagley
11644,Casey Swegman,,,,,person_CaseySwegman
11645,Lisa D. T. Rice,https://twitter.com/7B07_LISADTRICE,,,,person_LisaDTRice
11646,Dylan Forest,https://twitter.com/forest4dc,,,,person_DylanForest
11647,Ritanch Hans,https://twitter.com/Ritmai,,,,person_RitanchHans
11648,Diego Carney,,,,,person_DiegoCarney
11649,La'Shaunta Davis,,,,,person_LaShauntaDavis
11650,Rebecca Knooihuizen,https://twitter.com/beckymtpleasant,,,,person_RebeccaKnooihuizen
11651,Kweku A. Toure,,,,,person_KwekuAToure
11652,Kelly Taylor,,,,,person_KellyTaylor
11653,Robert Butler,,,,,person_RobertButler
11654,Kelly Willis,https://twitter.com/Kelly_on_Lamont,,,,person_KellyWillis
11655,Micah Rogers,,,,,person_MicahRogers
11656,Brett Astmann,,,,,person_BrettAstmann
11657,Aaron Brown,,,,,person_AaronBrown
11658,Brittany Jones,,,,,person_BrittanyJones
11659,Kim Thompson,,,,,person_KimThompson
11660,Seth Andrews,,,,,person_SethAndrews
11661,Xavier Lee,,,,,person_XavierLee
11662,Sandra Harrell,,,,,person_SandraHarrell
11663,Natasha Yates,,,,,person_NatashaYates
11664,Rhonda K. Holmes,,,,,person_RhondaKHolmes
11665,Jacqueline Kinlow,,,,,person_JacquelineKinlow
11666,Joseph Massaua,,,,,person_JosephMassaua
11667,Kristin Roe,,,,,person_KristinRoe
11668,John Di Pierri,,,,,person_JohnDiPierri
11669,J. Kevin Carroll,,,,,person_JKevinCarroll
11670,Leonard Eugene Bishop,,,,,person_LeonardEugeneBishop
11671,Evette (S.L.) Lang,,,,,person_EvetteSLLang
11672,Carlos Richardson,,,,,person_CarlosRichardson
11673,George Viedma,,,,,person_GeorgeViedma
11674,Mark N. Johnson,,,,,person_MarkNJohnson
11675,John Jones,,,,,person_JohnJones
11676,Philip Newland,,,,,person_PhilipNewland
11677,Zack Bolton,,,,,person_ZackBolton
11678,Andrea M. Pawley,,,,,person_AndreaMPawley
11679,Tara Brown,https://twitter.com/JaynasMomma,,,,person_TaraBrown
11680,Kimberly S. Courtney,,,,,person_KimberlySCourtney
11681,Cyril Crocker,,,,,person_CyrilCrocker
11682,Keith Hardy,,,,,person_KeithHardy
11683,Frieda Edwards,,,,,person_FriedaEdwards
11684,Thomas Von Williams Jr.,,,,,person_ThomasVonWilliamsJr
11685,Davina Carson,,,,,person_DavinaCarson
11686,Daniel Michelson-Horowitz,,,,,person_DanielMichelsonHorowitz
11687,Christian Hara,,,,,person_ChristianHara
11688,Tyeron Boston,,,,,person_TyeronBoston
11689,Hector Arbuckle,,,,,person_HectorArbuckle
11690,Mike Davis,,,,,person_MikeDavis
11691,Th-Juan McLeese-Lewis,,,,,person_ThJuanMcLeeseLewis
11692,Karla Reid-Witt,,,,,person_KarlaReidWitt
11693,Eric Heller,https://twitter.com/ericanc4c07,,,,person_EricHeller
